2026-10-08T21:35:00.865-04:00  INFO 964134 --- [eblumbit] [main] c.blumbit.eblumbit.EblumbitApplication   : Starting EblumbitApplication v0.0.1-SNAPSHOT using Java 25.0.1 with PID 964134 (/home/david/Documents/projects/blumbit/springv6/eblumbit/target/eblumbit-0.0.1-SNAPSHOT.jar started by david in /home/david/Documents/projects/blumbit/springv6/eblumbit)
2026-10-08T21:35:00.925-04:00 DEBUG 964134 --- [eblumbit] [main] c.blumbit.eblumbit.EblumbitApplication   : Running with Spring Boot v4.1.1, Spring v7.0.9
2026-10-08T21:35:00.926-04:00  INFO 964134 --- [eblumbit] [main] c.blumbit.eblumbit.EblumbitApplication   : No active profile set, falling back to 1 default profile: "default"
2026-10-08T21:35:08.806-04:00  INFO 964134 --- [eblumbit] [main] .s.d.r.c.RepositoryConfigurationDelegate : Bootstrapping Spring Data JPA repositories in DEFAULT mode.
2026-10-08T21:35:09.658-04:00  INFO 964134 --- [eblumbit] [main] .s.d.r.c.RepositoryConfigurationDelegate : Finished Spring Data repository scanning in 798 ms. Found 12 JPA repository interfaces.
2026-10-08T21:35:14.585-04:00  INFO 964134 --- [eblumbit] [main] o.s.boot.tomcat.TomcatWebServer          : Tomcat initialized with port 8090 (http)
2026-10-08T21:35:14.676-04:00  INFO 964134 --- [eblumbit] [main] o.apache.catalina.core.StandardService   : Starting service [Tomcat]
2026-10-08T21:35:14.678-04:00  INFO 964134 --- [eblumbit] [main] o.apache.catalina.core.StandardEngine    : Starting Servlet engine: [Apache Tomcat/11.0.24]
2026-10-08T21:35:14.788-04:00  INFO 964134 --- [eblumbit] [main] b.w.c.s.WebApplicationContextInitializer : Root WebApplicationContext: initialization completed in 13394 ms
2026-10-08T21:35:19.432-04:00  INFO 964134 --- [eblumbit] [main] o.s.o.j.p.SpringPersistenceUnitInfo      : No LoadTimeWeaver setup: ignoring JPA class transformer
2026-10-08T21:35:19.687-04:00  INFO 964134 --- [eblumbit] [main] com.zaxxer.hikari.HikariDataSource       : HikariPool-1 - Starting...
2026-10-08T21:35:21.660-04:00  INFO 964134 --- [eblumbit] [main] com.zaxxer.hikari.pool.HikariPool        : HikariPool-1 - Added connection org.postgresql.jdbc.PgConnection@7adbec34
2026-10-08T21:35:21.673-04:00  INFO 964134 --- [eblumbit] [main] com.zaxxer.hikari.HikariDataSource       : HikariPool-1 - Start completed.
2026-10-08T21:35:28.668-04:00  INFO 964134 --- [eblumbit] [main] j.LocalContainerEntityManagerFactoryBean : Initialized JPA EntityManagerFactory for persistence unit 'default'
2026-10-08T21:35:28.882-04:00  INFO 964134 --- [eblumbit] [main] o.s.d.j.r.query.QueryEnhancerFactories   : Hibernate is in classpath; If applicable, HQL parser will be used.
2026-10-08T21:35:29.698-04:00 DEBUG 964134 --- [eblumbit] [main] c.b.e.auth.JwtAuthenticationFilter       : Filter 'jwtAuthenticationFilter' configured for use
2026-10-08T21:35:30.209-04:00  INFO 964134 --- [eblumbit] [main] eAuthenticationProviderManagerConfigurer : Global AuthenticationManager configured with AuthenticationProvider bean with name authenticationProvider
2026-10-08T21:35:30.215-04:00  WARN 964134 --- [eblumbit] [main] r$InitializeUserDetailsManagerConfigurer : Global AuthenticationManager configured with an AuthenticationProvider bean. UserDetailsService beans will not be used by Spring Security for automatically configuring username/password login. Consider removing the AuthenticationProvider bean. Alternatively, consider using the UserDetailsService in a manually instantiated DaoAuthenticationProvider. If the current configuration is intentional, to turn off this warning, increase the logging level of 'org.springframework.security.config.annotation.authentication.configuration.InitializeUserDetailsBeanManagerConfigurer' to ERROR
2026-10-08T21:35:32.929-04:00  WARN 964134 --- [eblumbit] [main] JpaBaseConfiguration$JpaWebConfiguration : spring.jpa.open-in-view is enabled by default. Therefore, database queries may be performed during view rendering. Explicitly configure spring.jpa.open-in-view to disable this warning
2026-10-08T21:35:35.215-04:00  INFO 964134 --- [eblumbit] [main] o.s.b.a.e.web.EndpointLinksResolver      : Exposing 1 endpoint beneath base path '/actuator'
2026-10-08T21:35:37.158-04:00  INFO 964134 --- [eblumbit] [main] o.s.boot.tomcat.TomcatWebServer          : Tomcat started on port 8090 (http) with context path '/'
2026-10-08T21:35:37.228-04:00  INFO 964134 --- [eblumbit] [main] c.blumbit.eblumbit.EblumbitApplication   : Started EblumbitApplication in 39.278 seconds (process running for 41.444)
2026-10-08T21:35:42.779-04:00  WARN 964134 --- [eblumbit] [main] org.hibernate.orm.jdbc.error             : HHH000247: ErrorCode: 0, SQLState: 22003
2026-10-08T21:35:42.783-04:00  WARN 964134 --- [eblumbit] [main] org.hibernate.orm.jdbc.error             : ERROR: numeric field overflow
  Detail: A field with precision 2, scale 12 must round to an absolute value less than 10^-10.
2026-10-08T21:35:42.831-04:00  INFO 964134 --- [eblumbit] [main] .s.b.a.l.ConditionEvaluationReportLogger : 

Error starting ApplicationContext. To display the condition evaluation report re-run your application with 'debug' enabled.
2026-10-08T21:35:42.885-04:00 ERROR 964134 --- [eblumbit] [main] o.s.boot.SpringApplication               : Application run failed

org.springframework.dao.DataIntegrityViolationException: could not execute statement [ERROR: numeric field overflow
  Detail: A field with precision 2, scale 12 must round to an absolute value less than 10^-10.] [insert into producto (categoria_id,codigo_barra,descripcion,estado,fecha_registro,imagen,marca,nombre,precio_venta_actual,stock_minimo,unidad_medida,id) values (?,?,?,?,?,?,?,?,?,?,?,?)]; SQL [insert into producto (categoria_id,codigo_barra,descripcion,estado,fecha_registro,imagen,marca,nombre,precio_venta_actual,stock_minimo,unidad_medida,id) values (?,?,?,?,?,?,?,?,?,?,?,?)]
	at org.springframework.orm.jpa.hibernate.HibernateExceptionTranslator.convertHibernateAccessException(HibernateExceptionTranslator.java:172) ~[spring-orm-7.0.9.jar!/:7.0.9]
	at org.springframework.orm.jpa.hibernate.HibernateExceptionTranslator.convertHibernateAccessException(HibernateExceptionTranslator.java:131) ~[spring-orm-7.0.9.jar!/:7.0.9]
	at org.springframework.orm.jpa.hibernate.HibernateExceptionTranslator.translateExceptionIfPossible(HibernateExceptionTranslator.java:105) ~[spring-orm-7.0.9.jar!/:7.0.9]
	at org.springframework.orm.jpa.vendor.HibernateJpaDialect.translateExceptionIfPossible(HibernateJpaDialect.java:223) ~[spring-orm-7.0.9.jar!/:7.0.9]
	at org.springframework.orm.jpa.JpaTransactionManager.doCommit(JpaTransactionManager.java:556) ~[spring-orm-7.0.9.jar!/:7.0.9]
	at org.springframework.transaction.support.AbstractPlatformTransactionManager.processCommit(AbstractPlatformTransactionManager.java:794) ~[spring-tx-7.0.9.jar!/:7.0.9]
	at org.springframework.transaction.support.AbstractPlatformTransactionManager.commit(AbstractPlatformTransactionManager.java:757) ~[spring-tx-7.0.9.jar!/:7.0.9]
	at org.springframework.transaction.interceptor.TransactionAspectSupport.commitTransactionAfterReturning(TransactionAspectSupport.java:687) ~[spring-tx-7.0.9.jar!/:7.0.9]
	at org.springframework.transaction.interceptor.TransactionAspectSupport.invokeWithinTransaction(TransactionAspectSupport.java:408) ~[spring-tx-7.0.9.jar!/:7.0.9]
	at org.springframework.transaction.interceptor.TransactionInterceptor.invoke(TransactionInterceptor.java:130) ~[spring-tx-7.0.9.jar!/:7.0.9]
	at org.springframework.aop.framework.ReflectiveMethodInvocation.proceed(ReflectiveMethodInvocation.java:179) ~[spring-aop-7.0.9.jar!/:7.0.9]
	at org.springframework.aop.framework.CglibAopProxy$DynamicAdvisedInterceptor.intercept(CglibAopProxy.java:719) ~[spring-aop-7.0.9.jar!/:7.0.9]
	at com.blumbit.eblumbit.utils.DataSeeder$$SpringCGLIB$$0.run(<generated>) ~[!/:0.0.1-SNAPSHOT]
	at org.springframework.boot.SpringApplication.lambda$callRunner$0(SpringApplication.java:788) ~[spring-boot-4.1.1.jar!/:4.1.1]
	at org.springframework.util.function.ThrowingConsumer$1.acceptWithException(ThrowingConsumer.java:82) ~[spring-core-7.0.9.jar!/:7.0.9]
	at org.springframework.util.function.ThrowingConsumer.accept(ThrowingConsumer.java:60) ~[spring-core-7.0.9.jar!/:7.0.9]
	at org.springframework.util.function.ThrowingConsumer$1.accept(ThrowingConsumer.java:86) ~[spring-core-7.0.9.jar!/:7.0.9]
	at org.springframework.boot.SpringApplication.callRunner(SpringApplication.java:800) ~[spring-boot-4.1.1.jar!/:4.1.1]
	at org.springframework.boot.SpringApplication.callRunner(SpringApplication.java:788) ~[spring-boot-4.1.1.jar!/:4.1.1]
	at org.springframework.boot.SpringApplication.lambda$callRunners$0(SpringApplication.java:776) ~[spring-boot-4.1.1.jar!/:4.1.1]
	at java.base/java.util.stream.ForEachOps$ForEachOp$OfRef.accept(ForEachOps.java:186) ~[na:na]
	at java.base/java.util.stream.SortedOps$SizedRefSortingSink.end(SortedOps.java:357) ~[na:na]
	at java.base/java.util.stream.AbstractPipeline.copyInto(AbstractPipeline.java:571) ~[na:na]
	at java.base/java.util.stream.AbstractPipeline.wrapAndCopyInto(AbstractPipeline.java:560) ~[na:na]
	at java.base/java.util.stream.ForEachOps$ForEachOp.evaluateSequential(ForEachOps.java:153) ~[na:na]
	at java.base/java.util.stream.ForEachOps$ForEachOp$OfRef.evaluateSequential(ForEachOps.java:176) ~[na:na]
	at java.base/java.util.stream.AbstractPipeline.evaluate(AbstractPipeline.java:265) ~[na:na]
	at java.base/java.util.stream.ReferencePipeline.forEach(ReferencePipeline.java:632) ~[na:na]
	at org.springframework.boot.SpringApplication.callRunners(SpringApplication.java:776) ~[spring-boot-4.1.1.jar!/:4.1.1]
	at org.springframework.boot.SpringApplication.run(SpringApplication.java:328) ~[spring-boot-4.1.1.jar!/:4.1.1]
	at org.springframework.boot.SpringApplication.run(SpringApplication.java:1365) ~[spring-boot-4.1.1.jar!/:4.1.1]
	at org.springframework.boot.SpringApplication.run(SpringApplication.java:1354) ~[spring-boot-4.1.1.jar!/:4.1.1]
	at com.blumbit.eblumbit.EblumbitApplication.main(EblumbitApplication.java:10) ~[!/:0.0.1-SNAPSHOT]
	at java.base/jdk.internal.reflect.DirectMethodHandleAccessor.invoke(DirectMethodHandleAccessor.java:104) ~[na:na]
	at java.base/java.lang.reflect.Method.invoke(Method.java:565) ~[na:na]
	at org.springframework.boot.loader.launch.Launcher.launch(Launcher.java:106) ~[eblumbit-0.0.1-SNAPSHOT.jar:0.0.1-SNAPSHOT]
	at org.springframework.boot.loader.launch.Launcher.launch(Launcher.java:64) ~[eblumbit-0.0.1-SNAPSHOT.jar:0.0.1-SNAPSHOT]
	at org.springframework.boot.loader.launch.JarLauncher.main(JarLauncher.java:40) ~[eblumbit-0.0.1-SNAPSHOT.jar:0.0.1-SNAPSHOT]
Caused by: org.hibernate.exception.DataException: could not execute statement [ERROR: numeric field overflow
  Detail: A field with precision 2, scale 12 must round to an absolute value less than 10^-10.] [insert into producto (categoria_id,codigo_barra,descripcion,estado,fecha_registro,imagen,marca,nombre,precio_venta_actual,stock_minimo,unidad_medida,id) values (?,?,?,?,?,?,?,?,?,?,?,?)]
	at org.hibernate.exception.internal.SQLStateConversionDelegate.convert(SQLStateConversionDelegate.java:84) ~[hibernate-core-7.4.5.Final.jar!/:7.4.5.Final]
	at org.hibernate.exception.internal.StandardSQLExceptionConverter.convert(StandardSQLExceptionConverter.java:34) ~[hibernate-core-7.4.5.Final.jar!/:7.4.5.Final]
	at org.hibernate.engine.jdbc.spi.SqlExceptionHelper.convert(SqlExceptionHelper.java:115) ~[hibernate-core-7.4.5.Final.jar!/:7.4.5.Final]
	at org.hibernate.engine.jdbc.internal.ResultSetReturnImpl.executeUpdate(ResultSetReturnImpl.java:189) ~[hibernate-core-7.4.5.Final.jar!/:7.4.5.Final]
	at org.hibernate.engine.jdbc.mutation.internal.AbstractMutationExecutor.performNonBatchedMutation(AbstractMutationExecutor.java:145) ~[hibernate-core-7.4.5.Final.jar!/:7.4.5.Final]
	at org.hibernate.engine.jdbc.mutation.internal.MutationExecutorSingleNonBatched.performNonBatchedOperations(MutationExecutorSingleNonBatched.java:53) ~[hibernate-core-7.4.5.Final.jar!/:7.4.5.Final]
	at org.hibernate.engine.jdbc.mutation.internal.AbstractMutationExecutor.execute(AbstractMutationExecutor.java:65) ~[hibernate-core-7.4.5.Final.jar!/:7.4.5.Final]
	at org.hibernate.engine.jdbc.mutation.internal.AbstractMutationExecutor.execute(AbstractMutationExecutor.java:54) ~[hibernate-core-7.4.5.Final.jar!/:7.4.5.Final]
	at org.hibernate.persister.entity.mutation.InsertCoordinatorStandard.doStaticInserts(InsertCoordinatorStandard.java:183) ~[hibernate-core-7.4.5.Final.jar!/:7.4.5.Final]
	at org.hibernate.persister.entity.mutation.InsertCoordinatorStandard.coordinateInsert(InsertCoordinatorStandard.java:123) ~[hibernate-core-7.4.5.Final.jar!/:7.4.5.Final]
	at org.hibernate.persister.entity.mutation.InsertCoordinatorStandard.insert(InsertCoordinatorStandard.java:96) ~[hibernate-core-7.4.5.Final.jar!/:7.4.5.Final]
	at org.hibernate.action.internal.EntityInsertAction.execute(EntityInsertAction.java:108) ~[hibernate-core-7.4.5.Final.jar!/:7.4.5.Final]
	at org.hibernate.engine.spi.ActionQueue.executeActions(ActionQueue.java:634) ~[hibernate-core-7.4.5.Final.jar!/:7.4.5.Final]
	at org.hibernate.engine.spi.ActionQueue.executeActions(ActionQueue.java:505) ~[hibernate-core-7.4.5.Final.jar!/:7.4.5.Final]
	at org.hibernate.event.internal.AbstractFlushingEventListener.performExecutions(AbstractFlushingEventListener.java:386) ~[hibernate-core-7.4.5.Final.jar!/:7.4.5.Final]
	at org.hibernate.event.internal.DefaultFlushEventListener.onFlush(DefaultFlushEventListener.java:40) ~[hibernate-core-7.4.5.Final.jar!/:7.4.5.Final]
	at org.hibernate.event.service.internal.EventListenerGroupImpl.fireEventOnEachListener(EventListenerGroupImpl.java:138) ~[hibernate-core-7.4.5.Final.jar!/:7.4.5.Final]
	at org.hibernate.internal.SessionImpl.fireFlush(SessionImpl.java:1472) ~[hibernate-core-7.4.5.Final.jar!/:7.4.5.Final]
	at org.hibernate.internal.SessionImpl.managedFlush(SessionImpl.java:498) ~[hibernate-core-7.4.5.Final.jar!/:7.4.5.Final]
	at org.hibernate.internal.SessionImpl.flushBeforeTransactionCompletion(SessionImpl.java:2100) ~[hibernate-core-7.4.5.Final.jar!/:7.4.5.Final]
	at org.hibernate.internal.SessionImpl.beforeTransactionCompletion(SessionImpl.java:2021) ~[hibernate-core-7.4.5.Final.jar!/:7.4.5.Final]
	at org.hibernate.engine.jdbc.internal.JdbcCoordinatorImpl.beforeTransactionCompletion(JdbcCoordinatorImpl.java:426) ~[hibernate-core-7.4.5.Final.jar!/:7.4.5.Final]
	at org.hibernate.resource.transaction.backend.jdbc.internal.JdbcResourceLocalTransactionCoordinatorImpl.beforeCompletionCallback(JdbcResourceLocalTransactionCoordinatorImpl.java:167) ~[hibernate-core-7.4.5.Final.jar!/:7.4.5.Final]
	at org.hibernate.resource.transaction.backend.jdbc.internal.JdbcResourceLocalTransactionCoordinatorImpl$TransactionDriverControlImpl.commitNoRollbackOnly(JdbcResourceLocalTransactionCoordinatorImpl.java:252) ~[hibernate-core-7.4.5.Final.jar!/:7.4.5.Final]
	at org.hibernate.resource.transaction.backend.jdbc.internal.JdbcResourceLocalTransactionCoordinatorImpl$TransactionDriverControlImpl.commit(JdbcResourceLocalTransactionCoordinatorImpl.java:242) ~[hibernate-core-7.4.5.Final.jar!/:7.4.5.Final]
	at org.hibernate.engine.transaction.internal.TransactionImpl.commit(TransactionImpl.java:89) ~[hibernate-core-7.4.5.Final.jar!/:7.4.5.Final]
	at org.springframework.orm.jpa.JpaTransactionManager.doCommit(JpaTransactionManager.java:552) ~[spring-orm-7.0.9.jar!/:7.0.9]
	... 33 common frames omitted
Caused by: org.postgresql.util.PSQLException: ERROR: numeric field overflow
  Detail: A field with precision 2, scale 12 must round to an absolute value less than 10^-10.
	at org.postgresql.core.v3.QueryExecutorImpl.receiveErrorResponse(QueryExecutorImpl.java:2993) ~[postgresql-42.7.13.jar!/:42.7.13]
	at org.postgresql.core.v3.QueryExecutorImpl.processResults(QueryExecutorImpl.java:2656) ~[postgresql-42.7.13.jar!/:42.7.13]
	at org.postgresql.core.v3.QueryExecutorImpl.execute(QueryExecutorImpl.java:446) ~[postgresql-42.7.13.jar!/:42.7.13]
	at org.postgresql.jdbc.PgStatement.executeInternal(PgStatement.java:533) ~[postgresql-42.7.13.jar!/:42.7.13]
	at org.postgresql.jdbc.PgStatement.execute(PgStatement.java:449) ~[postgresql-42.7.13.jar!/:42.7.13]
	at org.postgresql.jdbc.PgPreparedStatement.executeWithFlags(PgPreparedStatement.java:197) ~[postgresql-42.7.13.jar!/:42.7.13]
	at org.postgresql.jdbc.PgPreparedStatement.executeUpdate(PgPreparedStatement.java:158) ~[postgresql-42.7.13.jar!/:42.7.13]
	at com.zaxxer.hikari.pool.ProxyPreparedStatement.executeUpdate(ProxyPreparedStatement.java:61) ~[HikariCP-7.0.2.jar!/:na]
	at com.zaxxer.hikari.pool.HikariProxyPreparedStatement.executeUpdate(HikariProxyPreparedStatement.java) ~[HikariCP-7.0.2.jar!/:na]
	at org.hibernate.engine.jdbc.internal.ResultSetReturnImpl.executeUpdate(ResultSetReturnImpl.java:185) ~[hibernate-core-7.4.5.Final.jar!/:7.4.5.Final]
	... 56 common frames omitted

2026-10-08T21:35:42.944-04:00  INFO 964134 --- [eblumbit] [main] o.s.boot.tomcat.GracefulShutdown         : Commencing graceful shutdown. Waiting for active requests to complete
2026-10-08T21:35:42.955-04:00  INFO 964134 --- [eblumbit] [tomcat-shutdown] o.s.boot.tomcat.GracefulShutdown         : Graceful shutdown complete
2026-10-08T21:35:43.036-04:00  INFO 964134 --- [eblumbit] [main] j.LocalContainerEntityManagerFactoryBean : Closing JPA EntityManagerFactory for persistence unit 'default'
2026-10-08T21:35:43.269-04:00  INFO 964134 --- [eblumbit] [main] com.zaxxer.hikari.HikariDataSource       : HikariPool-1 - Shutdown initiated...
2026-10-08T21:35:43.324-04:00  INFO 964134 --- [eblumbit] [main] com.zaxxer.hikari.HikariDataSource       : HikariPool-1 - Shutdown completed.
2026-10-08T21:51:49.360-04:00  INFO 1065674 --- [eblumbit] [restartedMain] c.blumbit.eblumbit.EblumbitApplication   : Starting EblumbitApplication using Java 25.0.1 with PID 1065674 (/home/david/Documents/projects/blumbit/springv6/eblumbit/target/classes started by david in /home/david/Documents/projects/blumbit/springv6/eblumbit)
2026-10-08T21:51:49.376-04:00 DEBUG 1065674 --- [eblumbit] [restartedMain] c.blumbit.eblumbit.EblumbitApplication   : Running with Spring Boot v4.1.1, Spring v7.0.9
2026-10-08T21:51:49.384-04:00  INFO 1065674 --- [eblumbit] [restartedMain] c.blumbit.eblumbit.EblumbitApplication   : No active profile set, falling back to 1 default profile: "default"
2026-10-08T21:51:49.574-04:00  INFO 1065674 --- [eblumbit] [restartedMain] .e.DevToolsPropertyDefaultsPostProcessor : Devtools property defaults active! Set 'spring.devtools.add-properties' to 'false' to disable
2026-10-08T21:51:49.577-04:00  INFO 1065674 --- [eblumbit] [restartedMain] .e.DevToolsPropertyDefaultsPostProcessor : For additional web related logging consider setting the 'logging.level.web' property to 'DEBUG'
2026-10-08T21:51:56.990-04:00  INFO 1065674 --- [eblumbit] [restartedMain] .s.d.r.c.RepositoryConfigurationDelegate : Bootstrapping Spring Data JPA repositories in DEFAULT mode.
2026-10-08T21:51:57.540-04:00  INFO 1065674 --- [eblumbit] [restartedMain] .s.d.r.c.RepositoryConfigurationDelegate : Finished Spring Data repository scanning in 441 ms. Found 12 JPA repository interfaces.
2026-10-08T21:52:01.527-04:00  INFO 1065674 --- [eblumbit] [restartedMain] o.s.boot.tomcat.TomcatWebServer          : Tomcat initialized with port 8090 (http)
2026-10-08T21:52:01.616-04:00  INFO 1065674 --- [eblumbit] [restartedMain] o.apache.catalina.core.StandardService   : Starting service [Tomcat]
2026-10-08T21:52:01.620-04:00  INFO 1065674 --- [eblumbit] [restartedMain] o.apache.catalina.core.StandardEngine    : Starting Servlet engine: [Apache Tomcat/11.0.24]
2026-10-08T21:52:01.933-04:00  INFO 1065674 --- [eblumbit] [restartedMain] b.w.c.s.WebApplicationContextInitializer : Root WebApplicationContext: initialization completed in 12348 ms
2026-10-08T21:52:06.559-04:00  INFO 1065674 --- [eblumbit] [restartedMain] o.s.o.j.p.SpringPersistenceUnitInfo      : No LoadTimeWeaver setup: ignoring JPA class transformer
2026-10-08T21:52:06.767-04:00  INFO 1065674 --- [eblumbit] [restartedMain] com.zaxxer.hikari.HikariDataSource       : HikariPool-1 - Starting...
2026-10-08T21:52:08.524-04:00  INFO 1065674 --- [eblumbit] [restartedMain] com.zaxxer.hikari.pool.HikariPool        : HikariPool-1 - Added connection org.postgresql.jdbc.PgConnection@50fe0d9c
2026-10-08T21:52:08.529-04:00  INFO 1065674 --- [eblumbit] [restartedMain] com.zaxxer.hikari.HikariDataSource       : HikariPool-1 - Start completed.
2026-10-08T21:52:16.156-04:00  INFO 1065674 --- [eblumbit] [restartedMain] j.LocalContainerEntityManagerFactoryBean : Initialized JPA EntityManagerFactory for persistence unit 'default'
2026-10-08T21:52:16.708-04:00  INFO 1065674 --- [eblumbit] [restartedMain] o.s.d.j.r.query.QueryEnhancerFactories   : Hibernate is in classpath; If applicable, HQL parser will be used.
2026-10-08T21:52:17.952-04:00 DEBUG 1065674 --- [eblumbit] [restartedMain] c.b.e.auth.JwtAuthenticationFilter       : Filter 'jwtAuthenticationFilter' configured for use
2026-10-08T21:52:18.436-04:00  INFO 1065674 --- [eblumbit] [restartedMain] eAuthenticationProviderManagerConfigurer : Global AuthenticationManager configured with AuthenticationProvider bean with name authenticationProvider
2026-10-08T21:52:18.442-04:00  WARN 1065674 --- [eblumbit] [restartedMain] r$InitializeUserDetailsManagerConfigurer : Global AuthenticationManager configured with an AuthenticationProvider bean. UserDetailsService beans will not be used by Spring Security for automatically configuring username/password login. Consider removing the AuthenticationProvider bean. Alternatively, consider using the UserDetailsService in a manually instantiated DaoAuthenticationProvider. If the current configuration is intentional, to turn off this warning, increase the logging level of 'org.springframework.security.config.annotation.authentication.configuration.InitializeUserDetailsBeanManagerConfigurer' to ERROR
2026-10-08T21:52:19.825-04:00  WARN 1065674 --- [eblumbit] [restartedMain] JpaBaseConfiguration$JpaWebConfiguration : spring.jpa.open-in-view is enabled by default. Therefore, database queries may be performed during view rendering. Explicitly configure spring.jpa.open-in-view to disable this warning
2026-10-08T21:52:22.424-04:00  INFO 1065674 --- [eblumbit] [restartedMain] o.s.b.a.e.web.EndpointLinksResolver      : Exposing 1 endpoint beneath base path '/actuator'
2026-10-08T21:52:25.986-04:00  INFO 1065674 --- [eblumbit] [restartedMain] o.s.boot.tomcat.TomcatWebServer          : Tomcat started on port 8090 (http) with context path '/'
2026-10-08T21:52:26.155-04:00  INFO 1065674 --- [eblumbit] [restartedMain] c.blumbit.eblumbit.EblumbitApplication   : Started EblumbitApplication in 39.024 seconds (process running for 43.222)
2026-10-08T21:52:32.621-04:00  WARN 1065674 --- [eblumbit] [restartedMain] org.hibernate.orm.jdbc.error             : HHH000247: ErrorCode: 0, SQLState: 22003
2026-10-08T21:52:32.645-04:00  WARN 1065674 --- [eblumbit] [restartedMain] org.hibernate.orm.jdbc.error             : ERROR: numeric field overflow
  Detail: A field with precision 2, scale 12 must round to an absolute value less than 10^-10.
2026-10-08T21:52:32.778-04:00  INFO 1065674 --- [eblumbit] [restartedMain] .s.b.a.l.ConditionEvaluationReportLogger : 

Error starting ApplicationContext. To display the condition evaluation report re-run your application with 'debug' enabled.
2026-10-08T21:52:32.826-04:00 ERROR 1065674 --- [eblumbit] [restartedMain] o.s.boot.SpringApplication               : Application run failed

org.springframework.dao.DataIntegrityViolationException: could not execute statement [ERROR: numeric field overflow
  Detail: A field with precision 2, scale 12 must round to an absolute value less than 10^-10.] [insert into producto (categoria_id,codigo_barra,descripcion,estado,fecha_registro,imagen,marca,nombre,precio_venta_actual,stock_minimo,unidad_medida,id) values (?,?,?,?,?,?,?,?,?,?,?,?)]; SQL [insert into producto (categoria_id,codigo_barra,descripcion,estado,fecha_registro,imagen,marca,nombre,precio_venta_actual,stock_minimo,unidad_medida,id) values (?,?,?,?,?,?,?,?,?,?,?,?)]
	at org.springframework.orm.jpa.hibernate.HibernateExceptionTranslator.convertHibernateAccessException(HibernateExceptionTranslator.java:172) ~[spring-orm-7.0.9.jar:7.0.9]
	at org.springframework.orm.jpa.hibernate.HibernateExceptionTranslator.convertHibernateAccessException(HibernateExceptionTranslator.java:131) ~[spring-orm-7.0.9.jar:7.0.9]
	at org.springframework.orm.jpa.hibernate.HibernateExceptionTranslator.translateExceptionIfPossible(HibernateExceptionTranslator.java:105) ~[spring-orm-7.0.9.jar:7.0.9]
	at org.springframework.orm.jpa.vendor.HibernateJpaDialect.translateExceptionIfPossible(HibernateJpaDialect.java:223) ~[spring-orm-7.0.9.jar:7.0.9]
	at org.springframework.orm.jpa.JpaTransactionManager.doCommit(JpaTransactionManager.java:556) ~[spring-orm-7.0.9.jar:7.0.9]
	at org.springframework.transaction.support.AbstractPlatformTransactionManager.processCommit(AbstractPlatformTransactionManager.java:794) ~[spring-tx-7.0.9.jar:7.0.9]
	at org.springframework.transaction.support.AbstractPlatformTransactionManager.commit(AbstractPlatformTransactionManager.java:757) ~[spring-tx-7.0.9.jar:7.0.9]
	at org.springframework.transaction.interceptor.TransactionAspectSupport.commitTransactionAfterReturning(TransactionAspectSupport.java:687) ~[spring-tx-7.0.9.jar:7.0.9]
	at org.springframework.transaction.interceptor.TransactionAspectSupport.invokeWithinTransaction(TransactionAspectSupport.java:408) ~[spring-tx-7.0.9.jar:7.0.9]
	at org.springframework.transaction.interceptor.TransactionInterceptor.invoke(TransactionInterceptor.java:130) ~[spring-tx-7.0.9.jar:7.0.9]
	at org.springframework.aop.framework.ReflectiveMethodInvocation.proceed(ReflectiveMethodInvocation.java:179) ~[spring-aop-7.0.9.jar:7.0.9]
	at org.springframework.aop.framework.CglibAopProxy$DynamicAdvisedInterceptor.intercept(CglibAopProxy.java:719) ~[spring-aop-7.0.9.jar:7.0.9]
	at com.blumbit.eblumbit.utils.DataSeeder$$SpringCGLIB$$0.run(<generated>) ~[classes/:na]
	at org.springframework.boot.SpringApplication.lambda$callRunner$0(SpringApplication.java:788) ~[spring-boot-4.1.1.jar:4.1.1]
	at org.springframework.util.function.ThrowingConsumer$1.acceptWithException(ThrowingConsumer.java:82) ~[spring-core-7.0.9.jar:7.0.9]
	at org.springframework.util.function.ThrowingConsumer.accept(ThrowingConsumer.java:60) ~[spring-core-7.0.9.jar:7.0.9]
	at org.springframework.util.function.ThrowingConsumer$1.accept(ThrowingConsumer.java:86) ~[spring-core-7.0.9.jar:7.0.9]
	at org.springframework.boot.SpringApplication.callRunner(SpringApplication.java:800) ~[spring-boot-4.1.1.jar:4.1.1]
	at org.springframework.boot.SpringApplication.callRunner(SpringApplication.java:788) ~[spring-boot-4.1.1.jar:4.1.1]
	at org.springframework.boot.SpringApplication.lambda$callRunners$0(SpringApplication.java:776) ~[spring-boot-4.1.1.jar:4.1.1]
	at java.base/java.util.stream.ForEachOps$ForEachOp$OfRef.accept(ForEachOps.java:186) ~[na:na]
	at java.base/java.util.stream.SortedOps$SizedRefSortingSink.end(SortedOps.java:357) ~[na:na]
	at java.base/java.util.stream.AbstractPipeline.copyInto(AbstractPipeline.java:571) ~[na:na]
	at java.base/java.util.stream.AbstractPipeline.wrapAndCopyInto(AbstractPipeline.java:560) ~[na:na]
	at java.base/java.util.stream.ForEachOps$ForEachOp.evaluateSequential(ForEachOps.java:153) ~[na:na]
	at java.base/java.util.stream.ForEachOps$ForEachOp$OfRef.evaluateSequential(ForEachOps.java:176) ~[na:na]
	at java.base/java.util.stream.AbstractPipeline.evaluate(AbstractPipeline.java:265) ~[na:na]
	at java.base/java.util.stream.ReferencePipeline.forEach(ReferencePipeline.java:632) ~[na:na]
	at org.springframework.boot.SpringApplication.callRunners(SpringApplication.java:776) ~[spring-boot-4.1.1.jar:4.1.1]
	at org.springframework.boot.SpringApplication.run(SpringApplication.java:328) ~[spring-boot-4.1.1.jar:4.1.1]
	at org.springframework.boot.SpringApplication.run(SpringApplication.java:1365) ~[spring-boot-4.1.1.jar:4.1.1]
	at org.springframework.boot.SpringApplication.run(SpringApplication.java:1354) ~[spring-boot-4.1.1.jar:4.1.1]
	at com.blumbit.eblumbit.EblumbitApplication.main(EblumbitApplication.java:10) ~[classes/:na]
	at java.base/jdk.internal.reflect.DirectMethodHandleAccessor.invoke(DirectMethodHandleAccessor.java:104) ~[na:na]
	at java.base/java.lang.reflect.Method.invoke(Method.java:565) ~[na:na]
	at org.springframework.boot.devtools.restart.RestartLauncher.run(RestartLauncher.java:52) ~[spring-boot-devtools-4.1.1.jar:4.1.1]
Caused by: org.hibernate.exception.DataException: could not execute statement [ERROR: numeric field overflow
  Detail: A field with precision 2, scale 12 must round to an absolute value less than 10^-10.] [insert into producto (categoria_id,codigo_barra,descripcion,estado,fecha_registro,imagen,marca,nombre,precio_venta_actual,stock_minimo,unidad_medida,id) values (?,?,?,?,?,?,?,?,?,?,?,?)]
	at org.hibernate.exception.internal.SQLStateConversionDelegate.convert(SQLStateConversionDelegate.java:84) ~[hibernate-core-7.4.5.Final.jar:7.4.5.Final]
	at org.hibernate.exception.internal.StandardSQLExceptionConverter.convert(StandardSQLExceptionConverter.java:34) ~[hibernate-core-7.4.5.Final.jar:7.4.5.Final]
	at org.hibernate.engine.jdbc.spi.SqlExceptionHelper.convert(SqlExceptionHelper.java:115) ~[hibernate-core-7.4.5.Final.jar:7.4.5.Final]
	at org.hibernate.engine.jdbc.internal.ResultSetReturnImpl.executeUpdate(ResultSetReturnImpl.java:189) ~[hibernate-core-7.4.5.Final.jar:7.4.5.Final]
	at org.hibernate.engine.jdbc.mutation.internal.AbstractMutationExecutor.performNonBatchedMutation(AbstractMutationExecutor.java:145) ~[hibernate-core-7.4.5.Final.jar:7.4.5.Final]
	at org.hibernate.engine.jdbc.mutation.internal.MutationExecutorSingleNonBatched.performNonBatchedOperations(MutationExecutorSingleNonBatched.java:53) ~[hibernate-core-7.4.5.Final.jar:7.4.5.Final]
	at org.hibernate.engine.jdbc.mutation.internal.AbstractMutationExecutor.execute(AbstractMutationExecutor.java:65) ~[hibernate-core-7.4.5.Final.jar:7.4.5.Final]
	at org.hibernate.engine.jdbc.mutation.internal.AbstractMutationExecutor.execute(AbstractMutationExecutor.java:54) ~[hibernate-core-7.4.5.Final.jar:7.4.5.Final]
	at org.hibernate.persister.entity.mutation.InsertCoordinatorStandard.doStaticInserts(InsertCoordinatorStandard.java:183) ~[hibernate-core-7.4.5.Final.jar:7.4.5.Final]
	at org.hibernate.persister.entity.mutation.InsertCoordinatorStandard.coordinateInsert(InsertCoordinatorStandard.java:123) ~[hibernate-core-7.4.5.Final.jar:7.4.5.Final]
	at org.hibernate.persister.entity.mutation.InsertCoordinatorStandard.insert(InsertCoordinatorStandard.java:96) ~[hibernate-core-7.4.5.Final.jar:7.4.5.Final]
	at org.hibernate.action.internal.EntityInsertAction.execute(EntityInsertAction.java:108) ~[hibernate-core-7.4.5.Final.jar:7.4.5.Final]
	at org.hibernate.engine.spi.ActionQueue.executeActions(ActionQueue.java:634) ~[hibernate-core-7.4.5.Final.jar:7.4.5.Final]
	at org.hibernate.engine.spi.ActionQueue.executeActions(ActionQueue.java:505) ~[hibernate-core-7.4.5.Final.jar:7.4.5.Final]
	at org.hibernate.event.internal.AbstractFlushingEventListener.performExecutions(AbstractFlushingEventListener.java:386) ~[hibernate-core-7.4.5.Final.jar:7.4.5.Final]
	at org.hibernate.event.internal.DefaultFlushEventListener.onFlush(DefaultFlushEventListener.java:40) ~[hibernate-core-7.4.5.Final.jar:7.4.5.Final]
	at org.hibernate.event.service.internal.EventListenerGroupImpl.fireEventOnEachListener(EventListenerGroupImpl.java:138) ~[hibernate-core-7.4.5.Final.jar:7.4.5.Final]
	at org.hibernate.internal.SessionImpl.fireFlush(SessionImpl.java:1472) ~[hibernate-core-7.4.5.Final.jar:7.4.5.Final]
	at org.hibernate.internal.SessionImpl.managedFlush(SessionImpl.java:498) ~[hibernate-core-7.4.5.Final.jar:7.4.5.Final]
	at org.hibernate.internal.SessionImpl.flushBeforeTransactionCompletion(SessionImpl.java:2100) ~[hibernate-core-7.4.5.Final.jar:7.4.5.Final]
	at org.hibernate.internal.SessionImpl.beforeTransactionCompletion(SessionImpl.java:2021) ~[hibernate-core-7.4.5.Final.jar:7.4.5.Final]
	at org.hibernate.engine.jdbc.internal.JdbcCoordinatorImpl.beforeTransactionCompletion(JdbcCoordinatorImpl.java:426) ~[hibernate-core-7.4.5.Final.jar:7.4.5.Final]
	at org.hibernate.resource.transaction.backend.jdbc.internal.JdbcResourceLocalTransactionCoordinatorImpl.beforeCompletionCallback(JdbcResourceLocalTransactionCoordinatorImpl.java:167) ~[hibernate-core-7.4.5.Final.jar:7.4.5.Final]
	at org.hibernate.resource.transaction.backend.jdbc.internal.JdbcResourceLocalTransactionCoordinatorImpl$TransactionDriverControlImpl.commitNoRollbackOnly(JdbcResourceLocalTransactionCoordinatorImpl.java:252) ~[hibernate-core-7.4.5.Final.jar:7.4.5.Final]
	at org.hibernate.resource.transaction.backend.jdbc.internal.JdbcResourceLocalTransactionCoordinatorImpl$TransactionDriverControlImpl.commit(JdbcResourceLocalTransactionCoordinatorImpl.java:242) ~[hibernate-core-7.4.5.Final.jar:7.4.5.Final]
	at org.hibernate.engine.transaction.internal.TransactionImpl.commit(TransactionImpl.java:89) ~[hibernate-core-7.4.5.Final.jar:7.4.5.Final]
	at org.springframework.orm.jpa.JpaTransactionManager.doCommit(JpaTransactionManager.java:552) ~[spring-orm-7.0.9.jar:7.0.9]
	... 31 common frames omitted
Caused by: org.postgresql.util.PSQLException: ERROR: numeric field overflow
  Detail: A field with precision 2, scale 12 must round to an absolute value less than 10^-10.
	at org.postgresql.core.v3.QueryExecutorImpl.receiveErrorResponse(QueryExecutorImpl.java:2993) ~[postgresql-42.7.13.jar:42.7.13]
	at org.postgresql.core.v3.QueryExecutorImpl.processResults(QueryExecutorImpl.java:2656) ~[postgresql-42.7.13.jar:42.7.13]
	at org.postgresql.core.v3.QueryExecutorImpl.execute(QueryExecutorImpl.java:446) ~[postgresql-42.7.13.jar:42.7.13]
	at org.postgresql.jdbc.PgStatement.executeInternal(PgStatement.java:533) ~[postgresql-42.7.13.jar:42.7.13]
	at org.postgresql.jdbc.PgStatement.execute(PgStatement.java:449) ~[postgresql-42.7.13.jar:42.7.13]
	at org.postgresql.jdbc.PgPreparedStatement.executeWithFlags(PgPreparedStatement.java:197) ~[postgresql-42.7.13.jar:42.7.13]
	at org.postgresql.jdbc.PgPreparedStatement.executeUpdate(PgPreparedStatement.java:158) ~[postgresql-42.7.13.jar:42.7.13]
	at com.zaxxer.hikari.pool.ProxyPreparedStatement.executeUpdate(ProxyPreparedStatement.java:61) ~[HikariCP-7.0.2.jar:na]
	at com.zaxxer.hikari.pool.HikariProxyPreparedStatement.executeUpdate(HikariProxyPreparedStatement.java) ~[HikariCP-7.0.2.jar:na]
	at org.hibernate.engine.jdbc.internal.ResultSetReturnImpl.executeUpdate(ResultSetReturnImpl.java:185) ~[hibernate-core-7.4.5.Final.jar:7.4.5.Final]
	... 54 common frames omitted

2026-10-08T21:52:32.887-04:00  INFO 1065674 --- [eblumbit] [restartedMain] o.s.boot.tomcat.GracefulShutdown         : Commencing graceful shutdown. Waiting for active requests to complete
2026-10-08T21:52:32.896-04:00  INFO 1065674 --- [eblumbit] [tomcat-shutdown] o.s.boot.tomcat.GracefulShutdown         : Graceful shutdown complete
2026-10-08T21:52:32.977-04:00  INFO 1065674 --- [eblumbit] [restartedMain] j.LocalContainerEntityManagerFactoryBean : Closing JPA EntityManagerFactory for persistence unit 'default'
2026-10-08T21:52:33.255-04:00  INFO 1065674 --- [eblumbit] [restartedMain] com.zaxxer.hikari.HikariDataSource       : HikariPool-1 - Shutdown initiated...
2026-10-08T21:52:33.368-04:00  INFO 1065674 --- [eblumbit] [restartedMain] com.zaxxer.hikari.HikariDataSource       : HikariPool-1 - Shutdown completed.
2026-10-08T21:58:43.172-04:00  INFO 1107015 --- [eblumbit] [restartedMain] c.blumbit.eblumbit.EblumbitApplication   : Starting EblumbitApplication using Java 25.0.1 with PID 1107015 (/home/david/Documents/projects/blumbit/springv6/eblumbit/target/classes started by david in /home/david/Documents/projects/blumbit/springv6/eblumbit)
2026-10-08T21:58:43.179-04:00 DEBUG 1107015 --- [eblumbit] [restartedMain] c.blumbit.eblumbit.EblumbitApplication   : Running with Spring Boot v4.1.1, Spring v7.0.9
2026-10-08T21:58:43.181-04:00  INFO 1107015 --- [eblumbit] [restartedMain] c.blumbit.eblumbit.EblumbitApplication   : No active profile set, falling back to 1 default profile: "default"
2026-10-08T21:58:43.388-04:00  INFO 1107015 --- [eblumbit] [restartedMain] .e.DevToolsPropertyDefaultsPostProcessor : Devtools property defaults active! Set 'spring.devtools.add-properties' to 'false' to disable
2026-10-08T21:58:43.391-04:00  INFO 1107015 --- [eblumbit] [restartedMain] .e.DevToolsPropertyDefaultsPostProcessor : For additional web related logging consider setting the 'logging.level.web' property to 'DEBUG'
2026-10-08T21:58:46.427-04:00  INFO 1107015 --- [eblumbit] [restartedMain] .s.d.r.c.RepositoryConfigurationDelegate : Bootstrapping Spring Data JPA repositories in DEFAULT mode.
2026-10-08T21:58:46.665-04:00  INFO 1107015 --- [eblumbit] [restartedMain] .s.d.r.c.RepositoryConfigurationDelegate : Finished Spring Data repository scanning in 195 ms. Found 12 JPA repository interfaces.
2026-10-08T21:58:48.397-04:00  INFO 1107015 --- [eblumbit] [restartedMain] o.s.boot.tomcat.TomcatWebServer          : Tomcat initialized with port 8090 (http)
2026-10-08T21:58:48.437-04:00  INFO 1107015 --- [eblumbit] [restartedMain] o.apache.catalina.core.StandardService   : Starting service [Tomcat]
2026-10-08T21:58:48.439-04:00  INFO 1107015 --- [eblumbit] [restartedMain] o.apache.catalina.core.StandardEngine    : Starting Servlet engine: [Apache Tomcat/11.0.24]
2026-10-08T21:58:48.557-04:00  INFO 1107015 --- [eblumbit] [restartedMain] b.w.c.s.WebApplicationContextInitializer : Root WebApplicationContext: initialization completed in 5163 ms
2026-10-08T21:58:50.071-04:00  INFO 1107015 --- [eblumbit] [restartedMain] o.s.o.j.p.SpringPersistenceUnitInfo      : No LoadTimeWeaver setup: ignoring JPA class transformer
2026-10-08T21:58:50.135-04:00  INFO 1107015 --- [eblumbit] [restartedMain] com.zaxxer.hikari.HikariDataSource       : HikariPool-1 - Starting...
2026-10-08T21:58:50.924-04:00  INFO 1107015 --- [eblumbit] [restartedMain] com.zaxxer.hikari.pool.HikariPool        : HikariPool-1 - Added connection org.postgresql.jdbc.PgConnection@1a156129
2026-10-08T21:58:50.927-04:00  INFO 1107015 --- [eblumbit] [restartedMain] com.zaxxer.hikari.HikariDataSource       : HikariPool-1 - Start completed.
2026-10-08T21:58:54.936-04:00  INFO 1107015 --- [eblumbit] [restartedMain] j.LocalContainerEntityManagerFactoryBean : Initialized JPA EntityManagerFactory for persistence unit 'default'
2026-10-08T21:58:55.152-04:00  INFO 1107015 --- [eblumbit] [restartedMain] o.s.d.j.r.query.QueryEnhancerFactories   : Hibernate is in classpath; If applicable, HQL parser will be used.
2026-10-08T21:58:55.686-04:00 DEBUG 1107015 --- [eblumbit] [restartedMain] c.b.e.auth.JwtAuthenticationFilter       : Filter 'jwtAuthenticationFilter' configured for use
2026-10-08T21:58:55.882-04:00  INFO 1107015 --- [eblumbit] [restartedMain] eAuthenticationProviderManagerConfigurer : Global AuthenticationManager configured with AuthenticationProvider bean with name authenticationProvider
2026-10-08T21:58:55.885-04:00  WARN 1107015 --- [eblumbit] [restartedMain] r$InitializeUserDetailsManagerConfigurer : Global AuthenticationManager configured with an AuthenticationProvider bean. UserDetailsService beans will not be used by Spring Security for automatically configuring username/password login. Consider removing the AuthenticationProvider bean. Alternatively, consider using the UserDetailsService in a manually instantiated DaoAuthenticationProvider. If the current configuration is intentional, to turn off this warning, increase the logging level of 'org.springframework.security.config.annotation.authentication.configuration.InitializeUserDetailsBeanManagerConfigurer' to ERROR
2026-10-08T21:58:57.293-04:00  WARN 1107015 --- [eblumbit] [restartedMain] JpaBaseConfiguration$JpaWebConfiguration : spring.jpa.open-in-view is enabled by default. Therefore, database queries may be performed during view rendering. Explicitly configure spring.jpa.open-in-view to disable this warning
2026-10-08T21:58:58.566-04:00  INFO 1107015 --- [eblumbit] [restartedMain] o.s.b.a.e.web.EndpointLinksResolver      : Exposing 1 endpoint beneath base path '/actuator'
2026-10-08T21:58:59.939-04:00  INFO 1107015 --- [eblumbit] [restartedMain] o.s.boot.tomcat.TomcatWebServer          : Tomcat started on port 8090 (http) with context path '/'
2026-10-08T21:58:59.971-04:00  INFO 1107015 --- [eblumbit] [restartedMain] c.blumbit.eblumbit.EblumbitApplication   : Started EblumbitApplication in 18.064 seconds (process running for 19.479)
2026-10-08T21:59:04.762-04:00  WARN 1107015 --- [eblumbit] [restartedMain] o.s.core.events.SpringDocAppInitializer  : SpringDoc /v3/api-docs endpoint is enabled by default. To disable it in production, set the property 'springdoc.api-docs.enabled=false'
2026-10-08T21:59:04.763-04:00  WARN 1107015 --- [eblumbit] [restartedMain] o.s.core.events.SpringDocAppInitializer  : SpringDoc /swagger-ui.html endpoint is enabled by default. To disable it in production, set the property 'springdoc.swagger-ui.enabled=false'
2026-10-08T22:02:22.028-04:00  INFO 1107015 --- [eblumbit] [http-nio-8090-exec-1] o.a.c.c.C.[Tomcat].[localhost].[/]       : Initializing Spring DispatcherServlet 'dispatcherServlet'
2026-10-08T22:03:19.675-04:00  INFO 1107015 --- [eblumbit] [File Watcher] rtingClassPathChangeChangedEventListener : Restarting due to 1 class path change (0 additions, 0 deletions, 1 modification)
2026-10-08T22:03:19.701-04:00  INFO 1107015 --- [eblumbit] [Thread-1] o.s.boot.tomcat.GracefulShutdown         : Commencing graceful shutdown. Waiting for active requests to complete
2026-10-08T22:03:19.720-04:00  INFO 1107015 --- [eblumbit] [tomcat-shutdown] o.s.boot.tomcat.GracefulShutdown         : Graceful shutdown complete
2026-10-08T22:03:19.756-04:00  INFO 1107015 --- [eblumbit] [Thread-1] j.LocalContainerEntityManagerFactoryBean : Closing JPA EntityManagerFactory for persistence unit 'default'
2026-10-08T22:03:19.887-04:00  INFO 1107015 --- [eblumbit] [Thread-1] com.zaxxer.hikari.HikariDataSource       : HikariPool-1 - Shutdown initiated...
2026-10-08T22:03:19.921-04:00  INFO 1107015 --- [eblumbit] [Thread-1] com.zaxxer.hikari.HikariDataSource       : HikariPool-1 - Shutdown completed.
2026-10-08T22:03:20.748-04:00  INFO 1107015 --- [eblumbit] [restartedMain] c.blumbit.eblumbit.EblumbitApplication   : Starting EblumbitApplication using Java 25.0.1 with PID 1107015 (/home/david/Documents/projects/blumbit/springv6/eblumbit/target/classes started by david in /home/david/Documents/projects/blumbit/springv6/eblumbit)
2026-10-08T22:03:20.749-04:00 DEBUG 1107015 --- [eblumbit] [restartedMain] c.blumbit.eblumbit.EblumbitApplication   : Running with Spring Boot v4.1.1, Spring v7.0.9
2026-10-08T22:03:20.751-04:00  INFO 1107015 --- [eblumbit] [restartedMain] c.blumbit.eblumbit.EblumbitApplication   : No active profile set, falling back to 1 default profile: "default"
2026-10-08T22:03:23.791-04:00  INFO 1107015 --- [eblumbit] [restartedMain] .s.d.r.c.RepositoryConfigurationDelegate : Bootstrapping Spring Data JPA repositories in DEFAULT mode.
2026-10-08T22:03:24.156-04:00  INFO 1107015 --- [eblumbit] [restartedMain] .s.d.r.c.RepositoryConfigurationDelegate : Finished Spring Data repository scanning in 351 ms. Found 12 JPA repository interfaces.
2026-10-08T22:03:25.925-04:00  INFO 1107015 --- [eblumbit] [restartedMain] o.s.boot.tomcat.TomcatWebServer          : Tomcat initialized with port 8090 (http)
2026-10-08T22:03:25.927-04:00  INFO 1107015 --- [eblumbit] [restartedMain] o.apache.catalina.core.StandardService   : Starting service [Tomcat]
2026-10-08T22:03:25.929-04:00  INFO 1107015 --- [eblumbit] [restartedMain] o.apache.catalina.core.StandardEngine    : Starting Servlet engine: [Apache Tomcat/11.0.24]
2026-10-08T22:03:25.972-04:00  INFO 1107015 --- [eblumbit] [restartedMain] b.w.c.s.WebApplicationContextInitializer : Root WebApplicationContext: initialization completed in 5201 ms
2026-10-08T22:03:26.304-04:00  INFO 1107015 --- [eblumbit] [restartedMain] o.s.o.j.p.SpringPersistenceUnitInfo      : No LoadTimeWeaver setup: ignoring JPA class transformer
2026-10-08T22:03:26.306-04:00  INFO 1107015 --- [eblumbit] [restartedMain] com.zaxxer.hikari.HikariDataSource       : HikariPool-2 - Starting...
2026-10-08T22:03:26.514-04:00  INFO 1107015 --- [eblumbit] [restartedMain] com.zaxxer.hikari.pool.HikariPool        : HikariPool-2 - Added connection org.postgresql.jdbc.PgConnection@7f755b73
2026-10-08T22:03:26.515-04:00  INFO 1107015 --- [eblumbit] [restartedMain] com.zaxxer.hikari.HikariDataSource       : HikariPool-2 - Start completed.
2026-10-08T22:03:28.048-04:00  INFO 1107015 --- [eblumbit] [restartedMain] j.LocalContainerEntityManagerFactoryBean : Initialized JPA EntityManagerFactory for persistence unit 'default'
2026-10-08T22:03:28.763-04:00 DEBUG 1107015 --- [eblumbit] [restartedMain] c.b.e.auth.JwtAuthenticationFilter       : Filter 'jwtAuthenticationFilter' configured for use
2026-10-08T22:03:28.886-04:00  INFO 1107015 --- [eblumbit] [restartedMain] eAuthenticationProviderManagerConfigurer : Global AuthenticationManager configured with AuthenticationProvider bean with name authenticationProvider
2026-10-08T22:03:28.887-04:00  WARN 1107015 --- [eblumbit] [restartedMain] r$InitializeUserDetailsManagerConfigurer : Global AuthenticationManager configured with an AuthenticationProvider bean. UserDetailsService beans will not be used by Spring Security for automatically configuring username/password login. Consider removing the AuthenticationProvider bean. Alternatively, consider using the UserDetailsService in a manually instantiated DaoAuthenticationProvider. If the current configuration is intentional, to turn off this warning, increase the logging level of 'org.springframework.security.config.annotation.authentication.configuration.InitializeUserDetailsBeanManagerConfigurer' to ERROR
2026-10-08T22:03:30.121-04:00  WARN 1107015 --- [eblumbit] [restartedMain] JpaBaseConfiguration$JpaWebConfiguration : spring.jpa.open-in-view is enabled by default. Therefore, database queries may be performed during view rendering. Explicitly configure spring.jpa.open-in-view to disable this warning
2026-10-08T22:03:30.467-04:00  WARN 1107015 --- [eblumbit] [restartedMain] ConfigServletWebServerApplicationContext : Exception encountered during context initialization - cancelling refresh attempt: org.springframework.beans.factory.UnsatisfiedDependencyException: Error creating bean with name 'org.springframework.security.config.annotation.web.configuration.WebSecurityConfiguration': Unsatisfied dependency expressed through method 'setFilterChains' parameter 0: Error creating bean with name 'securityFilterChain' defined in class path resource [com/blumbit/eblumbit/config/SecurityConfig.class]: Failed to instantiate [org.springframework.security.web.SecurityFilterChain]: Factory method 'securityFilterChain' threw exception with message: Unresolved compilation problems: 
	The method authorizeHttpRequests(Customizer<AuthorizeHttpRequestsConfigurer<HttpSecurity>.AuthorizationManagerRequestMatcherRegistry>) in the type HttpSecurity is not applicable for the arguments ((<no type> auth) -> {})
	Syntax error on token ".", Identifier expected after this token

2026-10-08T22:03:30.470-04:00  INFO 1107015 --- [eblumbit] [restartedMain] j.LocalContainerEntityManagerFactoryBean : Closing JPA EntityManagerFactory for persistence unit 'default'
2026-10-08T22:03:30.589-04:00  INFO 1107015 --- [eblumbit] [restartedMain] com.zaxxer.hikari.HikariDataSource       : HikariPool-2 - Shutdown initiated...
2026-10-08T22:03:30.612-04:00  INFO 1107015 --- [eblumbit] [restartedMain] com.zaxxer.hikari.HikariDataSource       : HikariPool-2 - Shutdown completed.
2026-10-08T22:03:30.613-04:00  INFO 1107015 --- [eblumbit] [restartedMain] o.apache.catalina.core.StandardService   : Stopping service [Tomcat]
2026-10-08T22:03:30.638-04:00  INFO 1107015 --- [eblumbit] [restartedMain] .s.b.a.l.ConditionEvaluationReportLogger : 

Error starting ApplicationContext. To display the condition evaluation report re-run your application with 'debug' enabled.
2026-10-08T22:03:30.680-04:00 ERROR 1107015 --- [eblumbit] [restartedMain] o.s.boot.SpringApplication               : Application run failed

org.springframework.beans.factory.UnsatisfiedDependencyException: Error creating bean with name 'org.springframework.security.config.annotation.web.configuration.WebSecurityConfiguration': Unsatisfied dependency expressed through method 'setFilterChains' parameter 0: Error creating bean with name 'securityFilterChain' defined in class path resource [com/blumbit/eblumbit/config/SecurityConfig.class]: Failed to instantiate [org.springframework.security.web.SecurityFilterChain]: Factory method 'securityFilterChain' threw exception with message: Unresolved compilation problems: 
	The method authorizeHttpRequests(Customizer<AuthorizeHttpRequestsConfigurer<HttpSecurity>.AuthorizationManagerRequestMatcherRegistry>) in the type HttpSecurity is not applicable for the arguments ((<no type> auth) -> {})
	Syntax error on token ".", Identifier expected after this token

	at org.springframework.beans.factory.annotation.AutowiredAnnotationBeanPostProcessor$AutowiredMethodElement.resolveMethodArguments(AutowiredAnnotationBeanPostProcessor.java:872) ~[spring-beans-7.0.9.jar:7.0.9]
	at org.springframework.beans.factory.annotation.AutowiredAnnotationBeanPostProcessor$AutowiredMethodElement.inject(AutowiredAnnotationBeanPostProcessor.java:827) ~[spring-beans-7.0.9.jar:7.0.9]
	at org.springframework.beans.factory.annotation.InjectionMetadata.inject(InjectionMetadata.java:146) ~[spring-beans-7.0.9.jar:7.0.9]
	at org.springframework.beans.factory.annotation.AutowiredAnnotationBeanPostProcessor.postProcessProperties(AutowiredAnnotationBeanPostProcessor.java:493) ~[spring-beans-7.0.9.jar:7.0.9]
	at org.springframework.beans.factory.support.AbstractAutowireCapableBeanFactory.populateBean(AbstractAutowireCapableBeanFactory.java:1444) ~[spring-beans-7.0.9.jar:7.0.9]
	at org.springframework.beans.factory.support.AbstractAutowireCapableBeanFactory.doCreateBean(AbstractAutowireCapableBeanFactory.java:602) ~[spring-beans-7.0.9.jar:7.0.9]
	at org.springframework.beans.factory.support.AbstractAutowireCapableBeanFactory.createBean(AbstractAutowireCapableBeanFactory.java:525) ~[spring-beans-7.0.9.jar:7.0.9]
	at org.springframework.beans.factory.support.AbstractBeanFactory.lambda$doGetBean$0(AbstractBeanFactory.java:333) ~[spring-beans-7.0.9.jar:7.0.9]
	at org.springframework.beans.factory.support.DefaultSingletonBeanRegistry.getSingleton(DefaultSingletonBeanRegistry.java:371) ~[spring-beans-7.0.9.jar:7.0.9]
	at org.springframework.beans.factory.support.AbstractBeanFactory.doGetBean(AbstractBeanFactory.java:331) ~[spring-beans-7.0.9.jar:7.0.9]
	at org.springframework.beans.factory.support.AbstractBeanFactory.getBean(AbstractBeanFactory.java:196) ~[spring-beans-7.0.9.jar:7.0.9]
	at org.springframework.beans.factory.support.DefaultListableBeanFactory.instantiateSingleton(DefaultListableBeanFactory.java:1225) ~[spring-beans-7.0.9.jar:7.0.9]
	at org.springframework.beans.factory.support.DefaultListableBeanFactory.preInstantiateSingleton(DefaultListableBeanFactory.java:1191) ~[spring-beans-7.0.9.jar:7.0.9]
	at org.springframework.beans.factory.support.DefaultListableBeanFactory.preInstantiateSingletons(DefaultListableBeanFactory.java:1121) ~[spring-beans-7.0.9.jar:7.0.9]
	at org.springframework.context.support.AbstractApplicationContext.finishBeanFactoryInitialization(AbstractApplicationContext.java:994) ~[spring-context-7.0.9.jar:7.0.9]
	at org.springframework.context.support.AbstractApplicationContext.refresh(AbstractApplicationContext.java:621) ~[spring-context-7.0.9.jar:7.0.9]
	at org.springframework.boot.web.server.servlet.context.ServletWebServerApplicationContext.refresh(ServletWebServerApplicationContext.java:143) ~[spring-boot-web-server-4.1.1.jar:4.1.1]
	at org.springframework.boot.SpringApplication.refresh(SpringApplication.java:756) ~[spring-boot-4.1.1.jar:4.1.1]
	at org.springframework.boot.SpringApplication.refreshContext(SpringApplication.java:445) ~[spring-boot-4.1.1.jar:4.1.1]
	at org.springframework.boot.SpringApplication.run(SpringApplication.java:321) ~[spring-boot-4.1.1.jar:4.1.1]
	at org.springframework.boot.SpringApplication.run(SpringApplication.java:1365) ~[spring-boot-4.1.1.jar:4.1.1]
	at org.springframework.boot.SpringApplication.run(SpringApplication.java:1354) ~[spring-boot-4.1.1.jar:4.1.1]
	at com.blumbit.eblumbit.EblumbitApplication.main(EblumbitApplication.java:10) ~[classes/:na]
	at java.base/jdk.internal.reflect.DirectMethodHandleAccessor.invoke(DirectMethodHandleAccessor.java:104) ~[na:na]
	at java.base/java.lang.reflect.Method.invoke(Method.java:565) ~[na:na]
	at org.springframework.boot.devtools.restart.RestartLauncher.run(RestartLauncher.java:52) ~[spring-boot-devtools-4.1.1.jar:4.1.1]
Caused by: org.springframework.beans.factory.BeanCreationException: Error creating bean with name 'securityFilterChain' defined in class path resource [com/blumbit/eblumbit/config/SecurityConfig.class]: Failed to instantiate [org.springframework.security.web.SecurityFilterChain]: Factory method 'securityFilterChain' threw exception with message: Unresolved compilation problems: 
	The method authorizeHttpRequests(Customizer<AuthorizeHttpRequestsConfigurer<HttpSecurity>.AuthorizationManagerRequestMatcherRegistry>) in the type HttpSecurity is not applicable for the arguments ((<no type> auth) -> {})
	Syntax error on token ".", Identifier expected after this token

	at org.springframework.beans.factory.support.ConstructorResolver.instantiate(ConstructorResolver.java:657) ~[spring-beans-7.0.9.jar:7.0.9]
	at org.springframework.beans.factory.support.ConstructorResolver.instantiateUsingFactoryMethod(ConstructorResolver.java:645) ~[spring-beans-7.0.9.jar:7.0.9]
	at org.springframework.beans.factory.support.AbstractAutowireCapableBeanFactory.instantiateUsingFactoryMethod(AbstractAutowireCapableBeanFactory.java:1360) ~[spring-beans-7.0.9.jar:7.0.9]
	at org.springframework.beans.factory.support.AbstractAutowireCapableBeanFactory.createBeanInstance(AbstractAutowireCapableBeanFactory.java:1192) ~[spring-beans-7.0.9.jar:7.0.9]
	at org.springframework.beans.factory.support.AbstractAutowireCapableBeanFactory.doCreateBean(AbstractAutowireCapableBeanFactory.java:565) ~[spring-beans-7.0.9.jar:7.0.9]
	at org.springframework.beans.factory.support.AbstractAutowireCapableBeanFactory.createBean(AbstractAutowireCapableBeanFactory.java:525) ~[spring-beans-7.0.9.jar:7.0.9]
	at org.springframework.beans.factory.support.AbstractBeanFactory.lambda$doGetBean$0(AbstractBeanFactory.java:333) ~[spring-beans-7.0.9.jar:7.0.9]
	at org.springframework.beans.factory.support.DefaultSingletonBeanRegistry.getSingleton(DefaultSingletonBeanRegistry.java:371) ~[spring-beans-7.0.9.jar:7.0.9]
	at org.springframework.beans.factory.support.AbstractBeanFactory.doGetBean(AbstractBeanFactory.java:331) ~[spring-beans-7.0.9.jar:7.0.9]
	at org.springframework.beans.factory.support.AbstractBeanFactory.getBean(AbstractBeanFactory.java:201) ~[spring-beans-7.0.9.jar:7.0.9]
	at org.springframework.beans.factory.config.DependencyDescriptor.resolveCandidate(DependencyDescriptor.java:229) ~[spring-beans-7.0.9.jar:7.0.9]
	at org.springframework.beans.factory.support.DefaultListableBeanFactory.addCandidateEntry(DefaultListableBeanFactory.java:2015) ~[spring-beans-7.0.9.jar:7.0.9]
	at org.springframework.beans.factory.support.DefaultListableBeanFactory.findAutowireCandidates(DefaultListableBeanFactory.java:1978) ~[spring-beans-7.0.9.jar:7.0.9]
	at org.springframework.beans.factory.support.DefaultListableBeanFactory.resolveMultipleBeanCollection(DefaultListableBeanFactory.java:1870) ~[spring-beans-7.0.9.jar:7.0.9]
	at org.springframework.beans.factory.support.DefaultListableBeanFactory.resolveMultipleBeans(DefaultListableBeanFactory.java:1840) ~[spring-beans-7.0.9.jar:7.0.9]
	at org.springframework.beans.factory.support.DefaultListableBeanFactory.doResolveDependency(DefaultListableBeanFactory.java:1718) ~[spring-beans-7.0.9.jar:7.0.9]
	at org.springframework.beans.factory.support.DefaultListableBeanFactory.resolveDependency(DefaultListableBeanFactory.java:1658) ~[spring-beans-7.0.9.jar:7.0.9]
	at org.springframework.beans.factory.annotation.AutowiredAnnotationBeanPostProcessor$AutowiredMethodElement.resolveMethodArguments(AutowiredAnnotationBeanPostProcessor.java:864) ~[spring-beans-7.0.9.jar:7.0.9]
	... 25 common frames omitted
Caused by: org.springframework.beans.BeanInstantiationException: Failed to instantiate [org.springframework.security.web.SecurityFilterChain]: Factory method 'securityFilterChain' threw exception with message: Unresolved compilation problems: 
	The method authorizeHttpRequests(Customizer<AuthorizeHttpRequestsConfigurer<HttpSecurity>.AuthorizationManagerRequestMatcherRegistry>) in the type HttpSecurity is not applicable for the arguments ((<no type> auth) -> {})
	Syntax error on token ".", Identifier expected after this token

	at org.springframework.beans.factory.support.SimpleInstantiationStrategy.lambda$instantiate$0(SimpleInstantiationStrategy.java:183) ~[spring-beans-7.0.9.jar:7.0.9]
	at org.springframework.beans.factory.support.SimpleInstantiationStrategy.instantiateWithFactoryMethod(SimpleInstantiationStrategy.java:72) ~[spring-beans-7.0.9.jar:7.0.9]
	at org.springframework.beans.factory.support.SimpleInstantiationStrategy.instantiate(SimpleInstantiationStrategy.java:152) ~[spring-beans-7.0.9.jar:7.0.9]
	at org.springframework.beans.factory.support.ConstructorResolver.instantiate(ConstructorResolver.java:653) ~[spring-beans-7.0.9.jar:7.0.9]
	... 42 common frames omitted
Caused by: java.lang.Error: Unresolved compilation problems: 
	The method authorizeHttpRequests(Customizer<AuthorizeHttpRequestsConfigurer<HttpSecurity>.AuthorizationManagerRequestMatcherRegistry>) in the type HttpSecurity is not applicable for the arguments ((<no type> auth) -> {})
	Syntax error on token ".", Identifier expected after this token

	at com.blumbit.eblumbit.config.SecurityConfig.securityFilterChain(SecurityConfig.java:33) ~[classes/:na]
	at com.blumbit.eblumbit.config.SecurityConfig$$SpringCGLIB$$0.CGLIB$securityFilterChain$0(<generated>) ~[classes/:na]
	at com.blumbit.eblumbit.config.SecurityConfig$$SpringCGLIB$$FastClass$$1.invoke(<generated>) ~[classes/:na]
	at org.springframework.cglib.proxy.MethodProxy.invokeSuper(MethodProxy.java:258) ~[spring-core-7.0.9.jar:7.0.9]
	at org.springframework.context.annotation.ConfigurationClassEnhancer$BeanMethodInterceptor.intercept(ConfigurationClassEnhancer.java:398) ~[spring-context-7.0.9.jar:7.0.9]
	at com.blumbit.eblumbit.config.SecurityConfig$$SpringCGLIB$$0.securityFilterChain(<generated>) ~[classes/:na]
	at java.base/jdk.internal.reflect.DirectMethodHandleAccessor.invoke(DirectMethodHandleAccessor.java:104) ~[na:na]
	at java.base/java.lang.reflect.Method.invoke(Method.java:565) ~[na:na]
	at org.springframework.beans.factory.support.SimpleInstantiationStrategy.lambda$instantiate$0(SimpleInstantiationStrategy.java:155) ~[spring-beans-7.0.9.jar:7.0.9]
	... 45 common frames omitted

2026-10-08T22:03:32.267-04:00  INFO 1107015 --- [eblumbit] [restartedMain] c.blumbit.eblumbit.EblumbitApplication   : Starting EblumbitApplication using Java 25.0.1 with PID 1107015 (/home/david/Documents/projects/blumbit/springv6/eblumbit/target/classes started by david in /home/david/Documents/projects/blumbit/springv6/eblumbit)
2026-10-08T22:03:32.269-04:00 DEBUG 1107015 --- [eblumbit] [restartedMain] c.blumbit.eblumbit.EblumbitApplication   : Running with Spring Boot v4.1.1, Spring v7.0.9
2026-10-08T22:03:32.272-04:00  INFO 1107015 --- [eblumbit] [restartedMain] c.blumbit.eblumbit.EblumbitApplication   : No active profile set, falling back to 1 default profile: "default"
2026-10-08T22:03:33.501-04:00  INFO 1107015 --- [eblumbit] [restartedMain] .s.d.r.c.RepositoryConfigurationDelegate : Bootstrapping Spring Data JPA repositories in DEFAULT mode.
2026-10-08T22:03:33.634-04:00  INFO 1107015 --- [eblumbit] [restartedMain] .s.d.r.c.RepositoryConfigurationDelegate : Finished Spring Data repository scanning in 120 ms. Found 12 JPA repository interfaces.
2026-10-08T22:03:34.195-04:00  INFO 1107015 --- [eblumbit] [restartedMain] o.s.boot.tomcat.TomcatWebServer          : Tomcat initialized with port 8090 (http)
2026-10-08T22:03:34.206-04:00  INFO 1107015 --- [eblumbit] [restartedMain] o.apache.catalina.core.StandardService   : Starting service [Tomcat]
2026-10-08T22:03:34.207-04:00  INFO 1107015 --- [eblumbit] [restartedMain] o.apache.catalina.core.StandardEngine    : Starting Servlet engine: [Apache Tomcat/11.0.24]
2026-10-08T22:03:34.244-04:00  INFO 1107015 --- [eblumbit] [restartedMain] b.w.c.s.WebApplicationContextInitializer : Root WebApplicationContext: initialization completed in 1960 ms
2026-10-08T22:03:34.614-04:00  INFO 1107015 --- [eblumbit] [restartedMain] o.s.o.j.p.SpringPersistenceUnitInfo      : No LoadTimeWeaver setup: ignoring JPA class transformer
2026-10-08T22:03:34.617-04:00  INFO 1107015 --- [eblumbit] [restartedMain] com.zaxxer.hikari.HikariDataSource       : HikariPool-3 - Starting...
2026-10-08T22:03:34.691-04:00  INFO 1107015 --- [eblumbit] [restartedMain] com.zaxxer.hikari.pool.HikariPool        : HikariPool-3 - Added connection org.postgresql.jdbc.PgConnection@41ba1c5d
2026-10-08T22:03:34.692-04:00  INFO 1107015 --- [eblumbit] [restartedMain] com.zaxxer.hikari.HikariDataSource       : HikariPool-3 - Start completed.
2026-10-08T22:03:36.642-04:00  INFO 1107015 --- [eblumbit] [restartedMain] j.LocalContainerEntityManagerFactoryBean : Initialized JPA EntityManagerFactory for persistence unit 'default'
2026-10-08T22:03:36.856-04:00 DEBUG 1107015 --- [eblumbit] [restartedMain] c.b.e.auth.JwtAuthenticationFilter       : Filter 'jwtAuthenticationFilter' configured for use
2026-10-08T22:03:36.944-04:00  INFO 1107015 --- [eblumbit] [restartedMain] eAuthenticationProviderManagerConfigurer : Global AuthenticationManager configured with AuthenticationProvider bean with name authenticationProvider
2026-10-08T22:03:36.946-04:00  WARN 1107015 --- [eblumbit] [restartedMain] r$InitializeUserDetailsManagerConfigurer : Global AuthenticationManager configured with an AuthenticationProvider bean. UserDetailsService beans will not be used by Spring Security for automatically configuring username/password login. Consider removing the AuthenticationProvider bean. Alternatively, consider using the UserDetailsService in a manually instantiated DaoAuthenticationProvider. If the current configuration is intentional, to turn off this warning, increase the logging level of 'org.springframework.security.config.annotation.authentication.configuration.InitializeUserDetailsBeanManagerConfigurer' to ERROR
2026-10-08T22:03:37.631-04:00  WARN 1107015 --- [eblumbit] [restartedMain] JpaBaseConfiguration$JpaWebConfiguration : spring.jpa.open-in-view is enabled by default. Therefore, database queries may be performed during view rendering. Explicitly configure spring.jpa.open-in-view to disable this warning
2026-10-08T22:03:38.469-04:00  INFO 1107015 --- [eblumbit] [restartedMain] o.s.b.a.e.web.EndpointLinksResolver      : Exposing 1 endpoint beneath base path '/actuator'
2026-10-08T22:03:39.131-04:00  INFO 1107015 --- [eblumbit] [restartedMain] o.s.boot.tomcat.TomcatWebServer          : Tomcat started on port 8090 (http) with context path '/'
2026-10-08T22:03:39.151-04:00  INFO 1107015 --- [eblumbit] [restartedMain] c.blumbit.eblumbit.EblumbitApplication   : Started EblumbitApplication in 7.016 seconds (process running for 298.66)
2026-10-08T22:03:42.048-04:00  WARN 1107015 --- [eblumbit] [restartedMain] o.s.core.events.SpringDocAppInitializer  : SpringDoc /v3/api-docs endpoint is enabled by default. To disable it in production, set the property 'springdoc.api-docs.enabled=false'
2026-10-08T22:03:42.049-04:00  WARN 1107015 --- [eblumbit] [restartedMain] o.s.core.events.SpringDocAppInitializer  : SpringDoc /swagger-ui.html endpoint is enabled by default. To disable it in production, set the property 'springdoc.swagger-ui.enabled=false'
2026-10-08T22:03:42.056-04:00  INFO 1107015 --- [eblumbit] [restartedMain] .ConditionEvaluationDeltaLoggingListener : Condition evaluation unchanged
2026-10-08T22:03:48.078-04:00  INFO 1107015 --- [eblumbit] [http-nio-8090-exec-1] o.a.c.c.C.[Tomcat-1].[localhost].[/]     : Initializing Spring DispatcherServlet 'dispatcherServlet'
2026-10-08T22:03:51.240-04:00  INFO 1107015 --- [eblumbit] [http-nio-8090-exec-1] o.springdoc.api.AbstractOpenApiResource  : Init duration for springdoc-openapi is: 1452 ms
2026-10-08T22:04:15.877-04:00 ERROR 1107015 --- [eblumbit] [http-nio-8090-exec-6] c.b.e.exception.RestExceptionHandler     : STANDARD EXCEPTION: No static resource favicon.ico for request '/favicon.ico'.

org.springframework.web.servlet.resource.NoResourceFoundException: No static resource favicon.ico for request '/favicon.ico'.
	at org.springframework.web.servlet.resource.ResourceHttpRequestHandler.handleRequest(ResourceHttpRequestHandler.java:527) ~[spring-webmvc-7.0.9.jar:7.0.9]
	at org.springframework.web.servlet.mvc.HttpRequestHandlerAdapter.handle(HttpRequestHandlerAdapter.java:50) ~[spring-webmvc-7.0.9.jar:7.0.9]
	at org.springframework.web.servlet.DispatcherServlet.doDispatch(DispatcherServlet.java:963) ~[spring-webmvc-7.0.9.jar:7.0.9]
	at org.springframework.web.servlet.DispatcherServlet.doService(DispatcherServlet.java:866) ~[spring-webmvc-7.0.9.jar:7.0.9]
	at org.springframework.web.servlet.FrameworkServlet.processRequest(FrameworkServlet.java:1000) ~[spring-webmvc-7.0.9.jar:7.0.9]
	at org.springframework.web.servlet.FrameworkServlet.doGet(FrameworkServlet.java:892) ~[spring-webmvc-7.0.9.jar:7.0.9]
	at jakarta.servlet.http.HttpServlet.service(HttpServlet.java:622) ~[tomcat-embed-core-11.0.24.jar:6.1]
	at org.springframework.web.servlet.FrameworkServlet.service(FrameworkServlet.java:874) ~[spring-webmvc-7.0.9.jar:7.0.9]
	at jakarta.servlet.http.HttpServlet.service(HttpServlet.java:710) ~[tomcat-embed-core-11.0.24.jar:6.1]
	at org.apache.catalina.core.ApplicationFilterChain.doFilter(ApplicationFilterChain.java:132) ~[tomcat-embed-core-11.0.24.jar:11.0.24]
	at org.apache.tomcat.websocket.server.WsFilter.doFilter(WsFilter.java:59) ~[tomcat-embed-websocket-11.0.24.jar:11.0.24]
	at org.apache.catalina.core.ApplicationFilterChain.doFilter(ApplicationFilterChain.java:111) ~[tomcat-embed-core-11.0.24.jar:11.0.24]
	at org.springframework.web.filter.OncePerRequestFilter.doFilter(OncePerRequestFilter.java:110) ~[spring-web-7.0.9.jar:7.0.9]
	at org.apache.catalina.core.ApplicationFilterChain.doFilter(ApplicationFilterChain.java:111) ~[tomcat-embed-core-11.0.24.jar:11.0.24]
	at org.springframework.web.servlet.resource.ResourceUrlEncodingFilter.doFilter(ResourceUrlEncodingFilter.java:66) ~[spring-webmvc-7.0.9.jar:7.0.9]
	at org.apache.catalina.core.ApplicationFilterChain.doFilter(ApplicationFilterChain.java:111) ~[tomcat-embed-core-11.0.24.jar:11.0.24]
	at org.springframework.web.filter.CompositeFilter$VirtualFilterChain.doFilter(CompositeFilter.java:108) ~[spring-web-7.0.9.jar:7.0.9]
	at org.springframework.security.web.FilterChainProxy.lambda$doFilterInternal$2(FilterChainProxy.java:235) ~[spring-security-web-7.1.1.jar:7.1.1]
	at org.springframework.security.web.ObservationFilterChainDecorator$FilterObservation$SimpleFilterObservation.lambda$wrap$1(ObservationFilterChainDecorator.java:491) ~[spring-security-web-7.1.1.jar:7.1.1]
	at org.springframework.security.web.ObservationFilterChainDecorator$AroundFilterObservation$SimpleAroundFilterObservation.lambda$wrap$1(ObservationFilterChainDecorator.java:353) ~[spring-security-web-7.1.1.jar:7.1.1]
	at org.springframework.security.web.ObservationFilterChainDecorator.lambda$wrapSecured$0(ObservationFilterChainDecorator.java:84) ~[spring-security-web-7.1.1.jar:7.1.1]
	at org.springframework.security.web.ObservationFilterChainDecorator$VirtualFilterChain.doFilter(ObservationFilterChainDecorator.java:131) ~[spring-security-web-7.1.1.jar:7.1.1]
	at org.springframework.security.web.access.intercept.AuthorizationFilter.doFilter(AuthorizationFilter.java:101) ~[spring-security-web-7.1.1.jar:7.1.1]
	at org.springframework.security.web.ObservationFilterChainDecorator$ObservationFilter.wrapFilter(ObservationFilterChainDecorator.java:243) ~[spring-security-web-7.1.1.jar:7.1.1]
	at org.springframework.security.web.ObservationFilterChainDecorator$ObservationFilter.doFilter(ObservationFilterChainDecorator.java:230) ~[spring-security-web-7.1.1.jar:7.1.1]
	at org.springframework.security.web.ObservationFilterChainDecorator$VirtualFilterChain.doFilter(ObservationFilterChainDecorator.java:140) ~[spring-security-web-7.1.1.jar:7.1.1]
	at org.springframework.security.web.access.ExceptionTranslationFilter.doFilter(ExceptionTranslationFilter.java:126) ~[spring-security-web-7.1.1.jar:7.1.1]
	at org.springframework.security.web.access.ExceptionTranslationFilter.doFilter(ExceptionTranslationFilter.java:120) ~[spring-security-web-7.1.1.jar:7.1.1]
	at org.springframework.security.web.ObservationFilterChainDecorator$ObservationFilter.wrapFilter(ObservationFilterChainDecorator.java:243) ~[spring-security-web-7.1.1.jar:7.1.1]
	at org.springframework.security.web.ObservationFilterChainDecorator$ObservationFilter.doFilter(ObservationFilterChainDecorator.java:230) ~[spring-security-web-7.1.1.jar:7.1.1]
	at org.springframework.security.web.ObservationFilterChainDecorator$VirtualFilterChain.doFilter(ObservationFilterChainDecorator.java:140) ~[spring-security-web-7.1.1.jar:7.1.1]
	at org.springframework.security.web.session.SessionManagementFilter.doFilter(SessionManagementFilter.java:132) ~[spring-security-web-7.1.1.jar:7.1.1]
	at org.springframework.security.web.session.SessionManagementFilter.doFilter(SessionManagementFilter.java:86) ~[spring-security-web-7.1.1.jar:7.1.1]
	at org.springframework.security.web.ObservationFilterChainDecorator$ObservationFilter.wrapFilter(ObservationFilterChainDecorator.java:243) ~[spring-security-web-7.1.1.jar:7.1.1]
	at org.springframework.security.web.ObservationFilterChainDecorator$ObservationFilter.doFilter(ObservationFilterChainDecorator.java:230) ~[spring-security-web-7.1.1.jar:7.1.1]
	at org.springframework.security.web.ObservationFilterChainDecorator$VirtualFilterChain.doFilter(ObservationFilterChainDecorator.java:140) ~[spring-security-web-7.1.1.jar:7.1.1]
	at org.springframework.security.web.authentication.AnonymousAuthenticationFilter.doFilter(AnonymousAuthenticationFilter.java:100) ~[spring-security-web-7.1.1.jar:7.1.1]
	at org.springframework.security.web.ObservationFilterChainDecorator$ObservationFilter.wrapFilter(ObservationFilterChainDecorator.java:243) ~[spring-security-web-7.1.1.jar:7.1.1]
	at org.springframework.security.web.ObservationFilterChainDecorator$ObservationFilter.doFilter(ObservationFilterChainDecorator.java:230) ~[spring-security-web-7.1.1.jar:7.1.1]
	at org.springframework.security.web.ObservationFilterChainDecorator$VirtualFilterChain.doFilter(ObservationFilterChainDecorator.java:140) ~[spring-security-web-7.1.1.jar:7.1.1]
	at org.springframework.security.web.servletapi.SecurityContextHolderAwareRequestFilter.doFilter(SecurityContextHolderAwareRequestFilter.java:181) ~[spring-security-web-7.1.1.jar:7.1.1]
	at org.springframework.security.web.ObservationFilterChainDecorator$ObservationFilter.wrapFilter(ObservationFilterChainDecorator.java:243) ~[spring-security-web-7.1.1.jar:7.1.1]
	at org.springframework.security.web.ObservationFilterChainDecorator$ObservationFilter.doFilter(ObservationFilterChainDecorator.java:230) ~[spring-security-web-7.1.1.jar:7.1.1]
	at org.springframework.security.web.ObservationFilterChainDecorator$VirtualFilterChain.doFilter(ObservationFilterChainDecorator.java:140) ~[spring-security-web-7.1.1.jar:7.1.1]
	at org.springframework.security.web.savedrequest.RequestCacheAwareFilter.doFilter(RequestCacheAwareFilter.java:63) ~[spring-security-web-7.1.1.jar:7.1.1]
	at org.springframework.security.web.ObservationFilterChainDecorator$ObservationFilter.wrapFilter(ObservationFilterChainDecorator.java:243) ~[spring-security-web-7.1.1.jar:7.1.1]
	at org.springframework.security.web.ObservationFilterChainDecorator$ObservationFilter.doFilter(ObservationFilterChainDecorator.java:230) ~[spring-security-web-7.1.1.jar:7.1.1]
	at org.springframework.security.web.ObservationFilterChainDecorator$VirtualFilterChain.doFilter(ObservationFilterChainDecorator.java:140) ~[spring-security-web-7.1.1.jar:7.1.1]
	at com.blumbit.eblumbit.auth.JwtAuthenticationFilter.doFilterInternal(JwtAuthenticationFilter.java:45) ~[classes/:na]
	at org.springframework.web.filter.OncePerRequestFilter.doFilter(OncePerRequestFilter.java:116) ~[spring-web-7.0.9.jar:7.0.9]
	at org.springframework.security.web.ObservationFilterChainDecorator$ObservationFilter.wrapFilter(ObservationFilterChainDecorator.java:243) ~[spring-security-web-7.1.1.jar:7.1.1]
	at org.springframework.security.web.ObservationFilterChainDecorator$ObservationFilter.doFilter(ObservationFilterChainDecorator.java:230) ~[spring-security-web-7.1.1.jar:7.1.1]
	at org.springframework.security.web.ObservationFilterChainDecorator$VirtualFilterChain.doFilter(ObservationFilterChainDecorator.java:140) ~[spring-security-web-7.1.1.jar:7.1.1]
	at org.springframework.security.web.authentication.logout.LogoutFilter.doFilter(LogoutFilter.java:110) ~[spring-security-web-7.1.1.jar:7.1.1]
	at org.springframework.security.web.authentication.logout.LogoutFilter.doFilter(LogoutFilter.java:96) ~[spring-security-web-7.1.1.jar:7.1.1]
	at org.springframework.security.web.ObservationFilterChainDecorator$ObservationFilter.wrapFilter(ObservationFilterChainDecorator.java:243) ~[spring-security-web-7.1.1.jar:7.1.1]
	at org.springframework.security.web.ObservationFilterChainDecorator$ObservationFilter.doFilter(ObservationFilterChainDecorator.java:230) ~[spring-security-web-7.1.1.jar:7.1.1]
	at org.springframework.security.web.ObservationFilterChainDecorator$VirtualFilterChain.doFilter(ObservationFilterChainDecorator.java:140) ~[spring-security-web-7.1.1.jar:7.1.1]
	at org.springframework.web.filter.CorsFilter.doFilterInternal(CorsFilter.java:91) ~[spring-web-7.0.9.jar:7.0.9]
	at org.springframework.web.filter.OncePerRequestFilter.doFilter(OncePerRequestFilter.java:116) ~[spring-web-7.0.9.jar:7.0.9]
	at org.springframework.security.web.ObservationFilterChainDecorator$ObservationFilter.wrapFilter(ObservationFilterChainDecorator.java:243) ~[spring-security-web-7.1.1.jar:7.1.1]
	at org.springframework.security.web.ObservationFilterChainDecorator$ObservationFilter.doFilter(ObservationFilterChainDecorator.java:230) ~[spring-security-web-7.1.1.jar:7.1.1]
	at org.springframework.security.web.ObservationFilterChainDecorator$VirtualFilterChain.doFilter(ObservationFilterChainDecorator.java:140) ~[spring-security-web-7.1.1.jar:7.1.1]
	at org.springframework.security.web.header.HeaderWriterFilter.doHeadersAfter(HeaderWriterFilter.java:90) ~[spring-security-web-7.1.1.jar:7.1.1]
	at org.springframework.security.web.header.HeaderWriterFilter.doFilterInternal(HeaderWriterFilter.java:75) ~[spring-security-web-7.1.1.jar:7.1.1]
	at org.springframework.web.filter.OncePerRequestFilter.doFilter(OncePerRequestFilter.java:116) ~[spring-web-7.0.9.jar:7.0.9]
	at org.springframework.security.web.ObservationFilterChainDecorator$ObservationFilter.wrapFilter(ObservationFilterChainDecorator.java:243) ~[spring-security-web-7.1.1.jar:7.1.1]
	at org.springframework.security.web.ObservationFilterChainDecorator$ObservationFilter.doFilter(ObservationFilterChainDecorator.java:230) ~[spring-security-web-7.1.1.jar:7.1.1]
	at org.springframework.security.web.ObservationFilterChainDecorator$VirtualFilterChain.doFilter(ObservationFilterChainDecorator.java:140) ~[spring-security-web-7.1.1.jar:7.1.1]
	at org.springframework.security.web.context.SecurityContextHolderFilter.doFilter(SecurityContextHolderFilter.java:82) ~[spring-security-web-7.1.1.jar:7.1.1]
	at org.springframework.security.web.context.SecurityContextHolderFilter.doFilter(SecurityContextHolderFilter.java:69) ~[spring-security-web-7.1.1.jar:7.1.1]
	at org.springframework.security.web.ObservationFilterChainDecorator$ObservationFilter.wrapFilter(ObservationFilterChainDecorator.java:243) ~[spring-security-web-7.1.1.jar:7.1.1]
	at org.springframework.security.web.ObservationFilterChainDecorator$ObservationFilter.doFilter(ObservationFilterChainDecorator.java:230) ~[spring-security-web-7.1.1.jar:7.1.1]
	at org.springframework.security.web.ObservationFilterChainDecorator$VirtualFilterChain.doFilter(ObservationFilterChainDecorator.java:140) ~[spring-security-web-7.1.1.jar:7.1.1]
	at org.springframework.security.web.context.request.async.WebAsyncManagerIntegrationFilter.doFilterInternal(WebAsyncManagerIntegrationFilter.java:62) ~[spring-security-web-7.1.1.jar:7.1.1]
	at org.springframework.web.filter.OncePerRequestFilter.doFilter(OncePerRequestFilter.java:116) ~[spring-web-7.0.9.jar:7.0.9]
	at org.springframework.security.web.ObservationFilterChainDecorator$ObservationFilter.wrapFilter(ObservationFilterChainDecorator.java:243) ~[spring-security-web-7.1.1.jar:7.1.1]
	at org.springframework.security.web.ObservationFilterChainDecorator$ObservationFilter.doFilter(ObservationFilterChainDecorator.java:230) ~[spring-security-web-7.1.1.jar:7.1.1]
	at org.springframework.security.web.ObservationFilterChainDecorator$VirtualFilterChain.doFilter(ObservationFilterChainDecorator.java:140) ~[spring-security-web-7.1.1.jar:7.1.1]
	at org.springframework.security.web.session.DisableEncodeUrlFilter.doFilterInternal(DisableEncodeUrlFilter.java:42) ~[spring-security-web-7.1.1.jar:7.1.1]
	at org.springframework.web.filter.OncePerRequestFilter.doFilter(OncePerRequestFilter.java:116) ~[spring-web-7.0.9.jar:7.0.9]
	at org.springframework.security.web.ObservationFilterChainDecorator$ObservationFilter.wrapFilter(ObservationFilterChainDecorator.java:243) ~[spring-security-web-7.1.1.jar:7.1.1]
	at org.springframework.security.web.ObservationFilterChainDecorator$AroundFilterObservation$SimpleAroundFilterObservation.lambda$wrap$0(ObservationFilterChainDecorator.java:336) ~[spring-security-web-7.1.1.jar:7.1.1]
	at org.springframework.security.web.ObservationFilterChainDecorator$ObservationFilter.doFilter(ObservationFilterChainDecorator.java:227) ~[spring-security-web-7.1.1.jar:7.1.1]
	at org.springframework.security.web.ObservationFilterChainDecorator$VirtualFilterChain.doFilter(ObservationFilterChainDecorator.java:140) ~[spring-security-web-7.1.1.jar:7.1.1]
	at org.springframework.security.web.FilterChainProxy.doFilterInternal(FilterChainProxy.java:237) ~[spring-security-web-7.1.1.jar:7.1.1]
	at org.springframework.security.web.FilterChainProxy.doFilter(FilterChainProxy.java:195) ~[spring-security-web-7.1.1.jar:7.1.1]
	at org.springframework.web.filter.CompositeFilter$VirtualFilterChain.doFilter(CompositeFilter.java:113) ~[spring-web-7.0.9.jar:7.0.9]
	at org.springframework.web.filter.ServletRequestPathFilter.doFilter(ServletRequestPathFilter.java:52) ~[spring-web-7.0.9.jar:7.0.9]
	at org.springframework.web.filter.CompositeFilter$VirtualFilterChain.doFilter(CompositeFilter.java:113) ~[spring-web-7.0.9.jar:7.0.9]
	at org.springframework.web.filter.CompositeFilter.doFilter(CompositeFilter.java:74) ~[spring-web-7.0.9.jar:7.0.9]
	at org.springframework.security.config.annotation.web.configuration.WebSecurityConfiguration$CompositeFilterChainProxy.doFilter(WebSecurityConfiguration.java:317) ~[spring-security-config-7.1.1.jar:7.1.1]
	at org.springframework.web.filter.DelegatingFilterProxy.invokeDelegate(DelegatingFilterProxy.java:355) ~[spring-web-7.0.9.jar:7.0.9]
	at org.springframework.web.filter.DelegatingFilterProxy.doFilter(DelegatingFilterProxy.java:272) ~[spring-web-7.0.9.jar:7.0.9]
	at org.apache.catalina.core.ApplicationFilterChain.doFilter(ApplicationFilterChain.java:111) ~[tomcat-embed-core-11.0.24.jar:11.0.24]
	at org.springframework.web.filter.RequestContextFilter.doFilterInternal(RequestContextFilter.java:100) ~[spring-web-7.0.9.jar:7.0.9]
	at org.springframework.web.filter.OncePerRequestFilter.doFilter(OncePerRequestFilter.java:116) ~[spring-web-7.0.9.jar:7.0.9]
	at org.apache.catalina.core.ApplicationFilterChain.doFilter(ApplicationFilterChain.java:111) ~[tomcat-embed-core-11.0.24.jar:11.0.24]
	at org.springframework.web.filter.FormContentFilter.doFilterInternal(FormContentFilter.java:93) ~[spring-web-7.0.9.jar:7.0.9]
	at org.springframework.web.filter.OncePerRequestFilter.doFilter(OncePerRequestFilter.java:116) ~[spring-web-7.0.9.jar:7.0.9]
	at org.apache.catalina.core.ApplicationFilterChain.doFilter(ApplicationFilterChain.java:111) ~[tomcat-embed-core-11.0.24.jar:11.0.24]
	at org.springframework.web.filter.ServerHttpObservationFilter.doFilterInternal(ServerHttpObservationFilter.java:110) ~[spring-web-7.0.9.jar:7.0.9]
	at org.springframework.web.filter.OncePerRequestFilter.doFilter(OncePerRequestFilter.java:116) ~[spring-web-7.0.9.jar:7.0.9]
	at org.apache.catalina.core.ApplicationFilterChain.doFilter(ApplicationFilterChain.java:111) ~[tomcat-embed-core-11.0.24.jar:11.0.24]
	at org.springframework.web.filter.CharacterEncodingFilter.doFilterInternal(CharacterEncodingFilter.java:199) ~[spring-web-7.0.9.jar:7.0.9]
	at org.springframework.web.filter.OncePerRequestFilter.doFilter(OncePerRequestFilter.java:116) ~[spring-web-7.0.9.jar:7.0.9]
	at org.apache.catalina.core.ApplicationFilterChain.doFilter(ApplicationFilterChain.java:111) ~[tomcat-embed-core-11.0.24.jar:11.0.24]
	at org.apache.catalina.core.StandardWrapperValve.invoke(StandardWrapperValve.java:165) ~[tomcat-embed-core-11.0.24.jar:11.0.24]
	at org.apache.catalina.core.StandardContextValve.invoke(StandardContextValve.java:77) ~[tomcat-embed-core-11.0.24.jar:11.0.24]
	at org.apache.catalina.authenticator.AuthenticatorBase.invoke(AuthenticatorBase.java:535) ~[tomcat-embed-core-11.0.24.jar:11.0.24]
	at org.apache.catalina.core.StandardHostValve.invoke(StandardHostValve.java:115) ~[tomcat-embed-core-11.0.24.jar:11.0.24]
	at org.apache.catalina.valves.ErrorReportValve.invoke(ErrorReportValve.java:86) ~[tomcat-embed-core-11.0.24.jar:11.0.24]
	at org.apache.catalina.core.StandardEngineValve.invoke(StandardEngineValve.java:71) ~[tomcat-embed-core-11.0.24.jar:11.0.24]
	at org.apache.catalina.connector.CoyoteAdapter.service(CoyoteAdapter.java:347) ~[tomcat-embed-core-11.0.24.jar:11.0.24]
	at org.apache.coyote.http11.Http11Processor.service(Http11Processor.java:406) ~[tomcat-embed-core-11.0.24.jar:11.0.24]
	at org.apache.coyote.AbstractProcessorLight.process(AbstractProcessorLight.java:71) ~[tomcat-embed-core-11.0.24.jar:11.0.24]
	at org.apache.coyote.AbstractProtocol$ConnectionHandler.process(AbstractProtocol.java:1307) ~[tomcat-embed-core-11.0.24.jar:11.0.24]
	at org.apache.tomcat.util.net.NioEndpoint$SocketProcessor.doRun(NioEndpoint.java:2036) ~[tomcat-embed-core-11.0.24.jar:11.0.24]
	at org.apache.tomcat.util.net.SocketProcessorBase.run(SocketProcessorBase.java:74) ~[tomcat-embed-core-11.0.24.jar:11.0.24]
	at org.apache.tomcat.util.threads.ThreadPoolExecutor.runWorker(ThreadPoolExecutor.java:949) ~[tomcat-embed-core-11.0.24.jar:11.0.24]
	at org.apache.tomcat.util.threads.ThreadPoolExecutor$Worker.run(ThreadPoolExecutor.java:483) ~[tomcat-embed-core-11.0.24.jar:11.0.24]
	at org.apache.tomcat.util.threads.TaskThread$WrappingRunnable.run(TaskThread.java:74) ~[tomcat-embed-core-11.0.24.jar:11.0.24]
	at java.base/java.lang.Thread.run(Thread.java:1474) ~[na:na]

2026-10-08T22:04:15.956-04:00  WARN 1107015 --- [eblumbit] [http-nio-8090-exec-6] .m.m.a.ExceptionHandlerExceptionResolver : Resolved [org.springframework.web.servlet.resource.NoResourceFoundException: No static resource favicon.ico for request '/favicon.ico'.]
2026-10-08T22:09:09.436-04:00  INFO 1107015 --- [eblumbit] [File Watcher] rtingClassPathChangeChangedEventListener : Restarting due to 1 class path change (0 additions, 0 deletions, 1 modification)
2026-10-08T22:09:09.443-04:00  INFO 1107015 --- [eblumbit] [Thread-5] o.s.boot.tomcat.GracefulShutdown         : Commencing graceful shutdown. Waiting for active requests to complete
2026-10-08T22:09:09.452-04:00  INFO 1107015 --- [eblumbit] [tomcat-shutdown] o.s.boot.tomcat.GracefulShutdown         : Graceful shutdown complete
2026-10-08T22:09:09.522-04:00  INFO 1107015 --- [eblumbit] [Thread-5] j.LocalContainerEntityManagerFactoryBean : Closing JPA EntityManagerFactory for persistence unit 'default'
2026-10-08T22:09:09.698-04:00  INFO 1107015 --- [eblumbit] [Thread-5] com.zaxxer.hikari.HikariDataSource       : HikariPool-3 - Shutdown initiated...
2026-10-08T22:09:09.738-04:00  INFO 1107015 --- [eblumbit] [Thread-5] com.zaxxer.hikari.HikariDataSource       : HikariPool-3 - Shutdown completed.
2026-10-08T22:09:10.359-04:00  INFO 1107015 --- [eblumbit] [restartedMain] c.blumbit.eblumbit.EblumbitApplication   : Starting EblumbitApplication using Java 25.0.1 with PID 1107015 (/home/david/Documents/projects/blumbit/springv6/eblumbit/target/classes started by david in /home/david/Documents/projects/blumbit/springv6/eblumbit)
2026-10-08T22:09:10.362-04:00 DEBUG 1107015 --- [eblumbit] [restartedMain] c.blumbit.eblumbit.EblumbitApplication   : Running with Spring Boot v4.1.1, Spring v7.0.9
2026-10-08T22:09:10.364-04:00  INFO 1107015 --- [eblumbit] [restartedMain] c.blumbit.eblumbit.EblumbitApplication   : No active profile set, falling back to 1 default profile: "default"
2026-10-08T22:09:11.824-04:00  INFO 1107015 --- [eblumbit] [restartedMain] .s.d.r.c.RepositoryConfigurationDelegate : Bootstrapping Spring Data JPA repositories in DEFAULT mode.
2026-10-08T22:09:12.047-04:00  INFO 1107015 --- [eblumbit] [restartedMain] .s.d.r.c.RepositoryConfigurationDelegate : Finished Spring Data repository scanning in 206 ms. Found 12 JPA repository interfaces.
2026-10-08T22:09:13.152-04:00  INFO 1107015 --- [eblumbit] [restartedMain] o.s.boot.tomcat.TomcatWebServer          : Tomcat initialized with port 8090 (http)
2026-10-08T22:09:13.162-04:00  INFO 1107015 --- [eblumbit] [restartedMain] o.apache.catalina.core.StandardService   : Starting service [Tomcat]
2026-10-08T22:09:13.167-04:00  INFO 1107015 --- [eblumbit] [restartedMain] o.apache.catalina.core.StandardEngine    : Starting Servlet engine: [Apache Tomcat/11.0.24]
2026-10-08T22:09:13.228-04:00  INFO 1107015 --- [eblumbit] [restartedMain] b.w.c.s.WebApplicationContextInitializer : Root WebApplicationContext: initialization completed in 2841 ms
2026-10-08T22:09:14.344-04:00  INFO 1107015 --- [eblumbit] [restartedMain] o.s.o.j.p.SpringPersistenceUnitInfo      : No LoadTimeWeaver setup: ignoring JPA class transformer
2026-10-08T22:09:14.353-04:00  INFO 1107015 --- [eblumbit] [restartedMain] com.zaxxer.hikari.HikariDataSource       : HikariPool-4 - Starting...
2026-10-08T22:09:14.558-04:00  INFO 1107015 --- [eblumbit] [restartedMain] com.zaxxer.hikari.pool.HikariPool        : HikariPool-4 - Added connection org.postgresql.jdbc.PgConnection@49d1d701
2026-10-08T22:09:14.563-04:00  INFO 1107015 --- [eblumbit] [restartedMain] com.zaxxer.hikari.HikariDataSource       : HikariPool-4 - Start completed.
2026-10-08T22:09:15.735-04:00  INFO 1107015 --- [eblumbit] [restartedMain] j.LocalContainerEntityManagerFactoryBean : Initialized JPA EntityManagerFactory for persistence unit 'default'
2026-10-08T22:09:16.007-04:00 DEBUG 1107015 --- [eblumbit] [restartedMain] c.b.e.auth.JwtAuthenticationFilter       : Filter 'jwtAuthenticationFilter' configured for use
2026-10-08T22:09:16.095-04:00  INFO 1107015 --- [eblumbit] [restartedMain] eAuthenticationProviderManagerConfigurer : Global AuthenticationManager configured with AuthenticationProvider bean with name authenticationProvider
2026-10-08T22:09:16.098-04:00  WARN 1107015 --- [eblumbit] [restartedMain] r$InitializeUserDetailsManagerConfigurer : Global AuthenticationManager configured with an AuthenticationProvider bean. UserDetailsService beans will not be used by Spring Security for automatically configuring username/password login. Consider removing the AuthenticationProvider bean. Alternatively, consider using the UserDetailsService in a manually instantiated DaoAuthenticationProvider. If the current configuration is intentional, to turn off this warning, increase the logging level of 'org.springframework.security.config.annotation.authentication.configuration.InitializeUserDetailsBeanManagerConfigurer' to ERROR
2026-10-08T22:09:16.844-04:00  WARN 1107015 --- [eblumbit] [restartedMain] JpaBaseConfiguration$JpaWebConfiguration : spring.jpa.open-in-view is enabled by default. Therefore, database queries may be performed during view rendering. Explicitly configure spring.jpa.open-in-view to disable this warning
2026-10-08T22:09:17.127-04:00  WARN 1107015 --- [eblumbit] [restartedMain] ConfigServletWebServerApplicationContext : Exception encountered during context initialization - cancelling refresh attempt: org.springframework.beans.factory.UnsatisfiedDependencyException: Error creating bean with name 'org.springframework.security.config.annotation.web.configuration.WebSecurityConfiguration': Unsatisfied dependency expressed through method 'setFilterChains' parameter 0: Error creating bean with name 'securityFilterChain' defined in class path resource [com/blumbit/eblumbit/config/SecurityConfig.class]: Failed to instantiate [org.springframework.security.web.SecurityFilterChain]: Factory method 'securityFilterChain' threw exception with message: Unresolved compilation problems: 
	The method authorizeHttpRequests(Customizer<AuthorizeHttpRequestsConfigurer<HttpSecurity>.AuthorizationManagerRequestMatcherRegistry>) in the type HttpSecurity is not applicable for the arguments ((<no type> auth) -> {})
	Syntax error on token ".", Identifier expected after this token

2026-10-08T22:09:17.129-04:00  INFO 1107015 --- [eblumbit] [restartedMain] j.LocalContainerEntityManagerFactoryBean : Closing JPA EntityManagerFactory for persistence unit 'default'
2026-10-08T22:09:17.230-04:00  INFO 1107015 --- [eblumbit] [restartedMain] com.zaxxer.hikari.HikariDataSource       : HikariPool-4 - Shutdown initiated...
2026-10-08T22:09:17.254-04:00  INFO 1107015 --- [eblumbit] [restartedMain] com.zaxxer.hikari.HikariDataSource       : HikariPool-4 - Shutdown completed.
2026-10-08T22:09:17.255-04:00  INFO 1107015 --- [eblumbit] [restartedMain] o.apache.catalina.core.StandardService   : Stopping service [Tomcat]
2026-10-08T22:09:17.271-04:00  INFO 1107015 --- [eblumbit] [restartedMain] .s.b.a.l.ConditionEvaluationReportLogger : 

Error starting ApplicationContext. To display the condition evaluation report re-run your application with 'debug' enabled.
2026-10-08T22:09:17.273-04:00 ERROR 1107015 --- [eblumbit] [restartedMain] o.s.boot.SpringApplication               : Application run failed

org.springframework.beans.factory.UnsatisfiedDependencyException: Error creating bean with name 'org.springframework.security.config.annotation.web.configuration.WebSecurityConfiguration': Unsatisfied dependency expressed through method 'setFilterChains' parameter 0: Error creating bean with name 'securityFilterChain' defined in class path resource [com/blumbit/eblumbit/config/SecurityConfig.class]: Failed to instantiate [org.springframework.security.web.SecurityFilterChain]: Factory method 'securityFilterChain' threw exception with message: Unresolved compilation problems: 
	The method authorizeHttpRequests(Customizer<AuthorizeHttpRequestsConfigurer<HttpSecurity>.AuthorizationManagerRequestMatcherRegistry>) in the type HttpSecurity is not applicable for the arguments ((<no type> auth) -> {})
	Syntax error on token ".", Identifier expected after this token

	at org.springframework.beans.factory.annotation.AutowiredAnnotationBeanPostProcessor$AutowiredMethodElement.resolveMethodArguments(AutowiredAnnotationBeanPostProcessor.java:872) ~[spring-beans-7.0.9.jar:7.0.9]
	at org.springframework.beans.factory.annotation.AutowiredAnnotationBeanPostProcessor$AutowiredMethodElement.inject(AutowiredAnnotationBeanPostProcessor.java:827) ~[spring-beans-7.0.9.jar:7.0.9]
	at org.springframework.beans.factory.annotation.InjectionMetadata.inject(InjectionMetadata.java:146) ~[spring-beans-7.0.9.jar:7.0.9]
	at org.springframework.beans.factory.annotation.AutowiredAnnotationBeanPostProcessor.postProcessProperties(AutowiredAnnotationBeanPostProcessor.java:493) ~[spring-beans-7.0.9.jar:7.0.9]
	at org.springframework.beans.factory.support.AbstractAutowireCapableBeanFactory.populateBean(AbstractAutowireCapableBeanFactory.java:1444) ~[spring-beans-7.0.9.jar:7.0.9]
	at org.springframework.beans.factory.support.AbstractAutowireCapableBeanFactory.doCreateBean(AbstractAutowireCapableBeanFactory.java:602) ~[spring-beans-7.0.9.jar:7.0.9]
	at org.springframework.beans.factory.support.AbstractAutowireCapableBeanFactory.createBean(AbstractAutowireCapableBeanFactory.java:525) ~[spring-beans-7.0.9.jar:7.0.9]
	at org.springframework.beans.factory.support.AbstractBeanFactory.lambda$doGetBean$0(AbstractBeanFactory.java:333) ~[spring-beans-7.0.9.jar:7.0.9]
	at org.springframework.beans.factory.support.DefaultSingletonBeanRegistry.getSingleton(DefaultSingletonBeanRegistry.java:371) ~[spring-beans-7.0.9.jar:7.0.9]
	at org.springframework.beans.factory.support.AbstractBeanFactory.doGetBean(AbstractBeanFactory.java:331) ~[spring-beans-7.0.9.jar:7.0.9]
	at org.springframework.beans.factory.support.AbstractBeanFactory.getBean(AbstractBeanFactory.java:196) ~[spring-beans-7.0.9.jar:7.0.9]
	at org.springframework.beans.factory.support.DefaultListableBeanFactory.instantiateSingleton(DefaultListableBeanFactory.java:1225) ~[spring-beans-7.0.9.jar:7.0.9]
	at org.springframework.beans.factory.support.DefaultListableBeanFactory.preInstantiateSingleton(DefaultListableBeanFactory.java:1191) ~[spring-beans-7.0.9.jar:7.0.9]
	at org.springframework.beans.factory.support.DefaultListableBeanFactory.preInstantiateSingletons(DefaultListableBeanFactory.java:1121) ~[spring-beans-7.0.9.jar:7.0.9]
	at org.springframework.context.support.AbstractApplicationContext.finishBeanFactoryInitialization(AbstractApplicationContext.java:994) ~[spring-context-7.0.9.jar:7.0.9]
	at org.springframework.context.support.AbstractApplicationContext.refresh(AbstractApplicationContext.java:621) ~[spring-context-7.0.9.jar:7.0.9]
	at org.springframework.boot.web.server.servlet.context.ServletWebServerApplicationContext.refresh(ServletWebServerApplicationContext.java:143) ~[spring-boot-web-server-4.1.1.jar:4.1.1]
	at org.springframework.boot.SpringApplication.refresh(SpringApplication.java:756) ~[spring-boot-4.1.1.jar:4.1.1]
	at org.springframework.boot.SpringApplication.refreshContext(SpringApplication.java:445) ~[spring-boot-4.1.1.jar:4.1.1]
	at org.springframework.boot.SpringApplication.run(SpringApplication.java:321) ~[spring-boot-4.1.1.jar:4.1.1]
	at org.springframework.boot.SpringApplication.run(SpringApplication.java:1365) ~[spring-boot-4.1.1.jar:4.1.1]
	at org.springframework.boot.SpringApplication.run(SpringApplication.java:1354) ~[spring-boot-4.1.1.jar:4.1.1]
	at com.blumbit.eblumbit.EblumbitApplication.main(EblumbitApplication.java:10) ~[classes/:na]
	at java.base/jdk.internal.reflect.DirectMethodHandleAccessor.invoke(DirectMethodHandleAccessor.java:104) ~[na:na]
	at java.base/java.lang.reflect.Method.invoke(Method.java:565) ~[na:na]
	at org.springframework.boot.devtools.restart.RestartLauncher.run(RestartLauncher.java:52) ~[spring-boot-devtools-4.1.1.jar:4.1.1]
Caused by: org.springframework.beans.factory.BeanCreationException: Error creating bean with name 'securityFilterChain' defined in class path resource [com/blumbit/eblumbit/config/SecurityConfig.class]: Failed to instantiate [org.springframework.security.web.SecurityFilterChain]: Factory method 'securityFilterChain' threw exception with message: Unresolved compilation problems: 
	The method authorizeHttpRequests(Customizer<AuthorizeHttpRequestsConfigurer<HttpSecurity>.AuthorizationManagerRequestMatcherRegistry>) in the type HttpSecurity is not applicable for the arguments ((<no type> auth) -> {})
	Syntax error on token ".", Identifier expected after this token

	at org.springframework.beans.factory.support.ConstructorResolver.instantiate(ConstructorResolver.java:657) ~[spring-beans-7.0.9.jar:7.0.9]
	at org.springframework.beans.factory.support.ConstructorResolver.instantiateUsingFactoryMethod(ConstructorResolver.java:645) ~[spring-beans-7.0.9.jar:7.0.9]
	at org.springframework.beans.factory.support.AbstractAutowireCapableBeanFactory.instantiateUsingFactoryMethod(AbstractAutowireCapableBeanFactory.java:1360) ~[spring-beans-7.0.9.jar:7.0.9]
	at org.springframework.beans.factory.support.AbstractAutowireCapableBeanFactory.createBeanInstance(AbstractAutowireCapableBeanFactory.java:1192) ~[spring-beans-7.0.9.jar:7.0.9]
	at org.springframework.beans.factory.support.AbstractAutowireCapableBeanFactory.doCreateBean(AbstractAutowireCapableBeanFactory.java:565) ~[spring-beans-7.0.9.jar:7.0.9]
	at org.springframework.beans.factory.support.AbstractAutowireCapableBeanFactory.createBean(AbstractAutowireCapableBeanFactory.java:525) ~[spring-beans-7.0.9.jar:7.0.9]
	at org.springframework.beans.factory.support.AbstractBeanFactory.lambda$doGetBean$0(AbstractBeanFactory.java:333) ~[spring-beans-7.0.9.jar:7.0.9]
	at org.springframework.beans.factory.support.DefaultSingletonBeanRegistry.getSingleton(DefaultSingletonBeanRegistry.java:371) ~[spring-beans-7.0.9.jar:7.0.9]
	at org.springframework.beans.factory.support.AbstractBeanFactory.doGetBean(AbstractBeanFactory.java:331) ~[spring-beans-7.0.9.jar:7.0.9]
	at org.springframework.beans.factory.support.AbstractBeanFactory.getBean(AbstractBeanFactory.java:201) ~[spring-beans-7.0.9.jar:7.0.9]
	at org.springframework.beans.factory.config.DependencyDescriptor.resolveCandidate(DependencyDescriptor.java:229) ~[spring-beans-7.0.9.jar:7.0.9]
	at org.springframework.beans.factory.support.DefaultListableBeanFactory.addCandidateEntry(DefaultListableBeanFactory.java:2015) ~[spring-beans-7.0.9.jar:7.0.9]
	at org.springframework.beans.factory.support.DefaultListableBeanFactory.findAutowireCandidates(DefaultListableBeanFactory.java:1978) ~[spring-beans-7.0.9.jar:7.0.9]
	at org.springframework.beans.factory.support.DefaultListableBeanFactory.resolveMultipleBeanCollection(DefaultListableBeanFactory.java:1870) ~[spring-beans-7.0.9.jar:7.0.9]
	at org.springframework.beans.factory.support.DefaultListableBeanFactory.resolveMultipleBeans(DefaultListableBeanFactory.java:1840) ~[spring-beans-7.0.9.jar:7.0.9]
	at org.springframework.beans.factory.support.DefaultListableBeanFactory.doResolveDependency(DefaultListableBeanFactory.java:1718) ~[spring-beans-7.0.9.jar:7.0.9]
	at org.springframework.beans.factory.support.DefaultListableBeanFactory.resolveDependency(DefaultListableBeanFactory.java:1658) ~[spring-beans-7.0.9.jar:7.0.9]
	at org.springframework.beans.factory.annotation.AutowiredAnnotationBeanPostProcessor$AutowiredMethodElement.resolveMethodArguments(AutowiredAnnotationBeanPostProcessor.java:864) ~[spring-beans-7.0.9.jar:7.0.9]
	... 25 common frames omitted
Caused by: org.springframework.beans.BeanInstantiationException: Failed to instantiate [org.springframework.security.web.SecurityFilterChain]: Factory method 'securityFilterChain' threw exception with message: Unresolved compilation problems: 
	The method authorizeHttpRequests(Customizer<AuthorizeHttpRequestsConfigurer<HttpSecurity>.AuthorizationManagerRequestMatcherRegistry>) in the type HttpSecurity is not applicable for the arguments ((<no type> auth) -> {})
	Syntax error on token ".", Identifier expected after this token

	at org.springframework.beans.factory.support.SimpleInstantiationStrategy.lambda$instantiate$0(SimpleInstantiationStrategy.java:183) ~[spring-beans-7.0.9.jar:7.0.9]
	at org.springframework.beans.factory.support.SimpleInstantiationStrategy.instantiateWithFactoryMethod(SimpleInstantiationStrategy.java:72) ~[spring-beans-7.0.9.jar:7.0.9]
	at org.springframework.beans.factory.support.SimpleInstantiationStrategy.instantiate(SimpleInstantiationStrategy.java:152) ~[spring-beans-7.0.9.jar:7.0.9]
	at org.springframework.beans.factory.support.ConstructorResolver.instantiate(ConstructorResolver.java:653) ~[spring-beans-7.0.9.jar:7.0.9]
	... 42 common frames omitted
Caused by: java.lang.Error: Unresolved compilation problems: 
	The method authorizeHttpRequests(Customizer<AuthorizeHttpRequestsConfigurer<HttpSecurity>.AuthorizationManagerRequestMatcherRegistry>) in the type HttpSecurity is not applicable for the arguments ((<no type> auth) -> {})
	Syntax error on token ".", Identifier expected after this token

	at com.blumbit.eblumbit.config.SecurityConfig.securityFilterChain(SecurityConfig.java:33) ~[classes/:na]
	at com.blumbit.eblumbit.config.SecurityConfig$$SpringCGLIB$$0.CGLIB$securityFilterChain$0(<generated>) ~[classes/:na]
	at com.blumbit.eblumbit.config.SecurityConfig$$SpringCGLIB$$FastClass$$1.invoke(<generated>) ~[classes/:na]
	at org.springframework.cglib.proxy.MethodProxy.invokeSuper(MethodProxy.java:258) ~[spring-core-7.0.9.jar:7.0.9]
	at org.springframework.context.annotation.ConfigurationClassEnhancer$BeanMethodInterceptor.intercept(ConfigurationClassEnhancer.java:398) ~[spring-context-7.0.9.jar:7.0.9]
	at com.blumbit.eblumbit.config.SecurityConfig$$SpringCGLIB$$0.securityFilterChain(<generated>) ~[classes/:na]
	at java.base/jdk.internal.reflect.DirectMethodHandleAccessor.invoke(DirectMethodHandleAccessor.java:104) ~[na:na]
	at java.base/java.lang.reflect.Method.invoke(Method.java:565) ~[na:na]
	at org.springframework.beans.factory.support.SimpleInstantiationStrategy.lambda$instantiate$0(SimpleInstantiationStrategy.java:155) ~[spring-beans-7.0.9.jar:7.0.9]
	... 45 common frames omitted

2026-10-08T22:10:16.607-04:00  INFO 1170625 --- [eblumbit] [restartedMain] c.blumbit.eblumbit.EblumbitApplication   : Starting EblumbitApplication using Java 25.0.1 with PID 1170625 (/home/david/Documents/projects/blumbit/springv6/eblumbit/target/classes started by david in /home/david/Documents/projects/blumbit/springv6/eblumbit)
2026-10-08T22:10:16.610-04:00 DEBUG 1170625 --- [eblumbit] [restartedMain] c.blumbit.eblumbit.EblumbitApplication   : Running with Spring Boot v4.1.1, Spring v7.0.9
2026-10-08T22:10:16.611-04:00  INFO 1170625 --- [eblumbit] [restartedMain] c.blumbit.eblumbit.EblumbitApplication   : No active profile set, falling back to 1 default profile: "default"
2026-10-08T22:10:16.733-04:00  INFO 1170625 --- [eblumbit] [restartedMain] .e.DevToolsPropertyDefaultsPostProcessor : Devtools property defaults active! Set 'spring.devtools.add-properties' to 'false' to disable
2026-10-08T22:10:16.734-04:00  INFO 1170625 --- [eblumbit] [restartedMain] .e.DevToolsPropertyDefaultsPostProcessor : For additional web related logging consider setting the 'logging.level.web' property to 'DEBUG'
2026-10-08T22:10:18.400-04:00  INFO 1170625 --- [eblumbit] [restartedMain] .s.d.r.c.RepositoryConfigurationDelegate : Bootstrapping Spring Data JPA repositories in DEFAULT mode.
2026-10-08T22:10:18.508-04:00  INFO 1170625 --- [eblumbit] [restartedMain] .s.d.r.c.RepositoryConfigurationDelegate : Finished Spring Data repository scanning in 93 ms. Found 12 JPA repository interfaces.
2026-10-08T22:10:19.509-04:00  INFO 1170625 --- [eblumbit] [restartedMain] o.s.boot.tomcat.TomcatWebServer          : Tomcat initialized with port 8090 (http)
2026-10-08T22:10:19.535-04:00  INFO 1170625 --- [eblumbit] [restartedMain] o.apache.catalina.core.StandardService   : Starting service [Tomcat]
2026-10-08T22:10:19.536-04:00  INFO 1170625 --- [eblumbit] [restartedMain] o.apache.catalina.core.StandardEngine    : Starting Servlet engine: [Apache Tomcat/11.0.24]
2026-10-08T22:10:19.594-04:00  INFO 1170625 --- [eblumbit] [restartedMain] b.w.c.s.WebApplicationContextInitializer : Root WebApplicationContext: initialization completed in 2858 ms
2026-10-08T22:10:20.523-04:00  INFO 1170625 --- [eblumbit] [restartedMain] o.s.o.j.p.SpringPersistenceUnitInfo      : No LoadTimeWeaver setup: ignoring JPA class transformer
2026-10-08T22:10:20.567-04:00  INFO 1170625 --- [eblumbit] [restartedMain] com.zaxxer.hikari.HikariDataSource       : HikariPool-1 - Starting...
2026-10-08T22:10:21.072-04:00  INFO 1170625 --- [eblumbit] [restartedMain] com.zaxxer.hikari.pool.HikariPool        : HikariPool-1 - Added connection org.postgresql.jdbc.PgConnection@54a3749a
2026-10-08T22:10:21.074-04:00  INFO 1170625 --- [eblumbit] [restartedMain] com.zaxxer.hikari.HikariDataSource       : HikariPool-1 - Start completed.
2026-10-08T22:10:23.241-04:00  INFO 1170625 --- [eblumbit] [restartedMain] j.LocalContainerEntityManagerFactoryBean : Initialized JPA EntityManagerFactory for persistence unit 'default'
2026-10-08T22:10:23.429-04:00  INFO 1170625 --- [eblumbit] [restartedMain] o.s.d.j.r.query.QueryEnhancerFactories   : Hibernate is in classpath; If applicable, HQL parser will be used.
2026-10-08T22:10:23.795-04:00 DEBUG 1170625 --- [eblumbit] [restartedMain] c.b.e.auth.JwtAuthenticationFilter       : Filter 'jwtAuthenticationFilter' configured for use
2026-10-08T22:10:23.906-04:00  INFO 1170625 --- [eblumbit] [restartedMain] eAuthenticationProviderManagerConfigurer : Global AuthenticationManager configured with AuthenticationProvider bean with name authenticationProvider
2026-10-08T22:10:23.907-04:00  WARN 1170625 --- [eblumbit] [restartedMain] r$InitializeUserDetailsManagerConfigurer : Global AuthenticationManager configured with an AuthenticationProvider bean. UserDetailsService beans will not be used by Spring Security for automatically configuring username/password login. Consider removing the AuthenticationProvider bean. Alternatively, consider using the UserDetailsService in a manually instantiated DaoAuthenticationProvider. If the current configuration is intentional, to turn off this warning, increase the logging level of 'org.springframework.security.config.annotation.authentication.configuration.InitializeUserDetailsBeanManagerConfigurer' to ERROR
2026-10-08T22:10:24.571-04:00  WARN 1170625 --- [eblumbit] [restartedMain] JpaBaseConfiguration$JpaWebConfiguration : spring.jpa.open-in-view is enabled by default. Therefore, database queries may be performed during view rendering. Explicitly configure spring.jpa.open-in-view to disable this warning
2026-10-08T22:10:25.288-04:00  INFO 1170625 --- [eblumbit] [restartedMain] o.s.b.a.e.web.EndpointLinksResolver      : Exposing 1 endpoint beneath base path '/actuator'
2026-10-08T22:10:25.954-04:00  INFO 1170625 --- [eblumbit] [restartedMain] o.s.boot.tomcat.TomcatWebServer          : Tomcat started on port 8090 (http) with context path '/'
2026-10-08T22:10:25.968-04:00  INFO 1170625 --- [eblumbit] [restartedMain] c.blumbit.eblumbit.EblumbitApplication   : Started EblumbitApplication in 10.153 seconds (process running for 11.161)
2026-10-08T22:10:30.443-04:00  WARN 1170625 --- [eblumbit] [restartedMain] o.s.core.events.SpringDocAppInitializer  : SpringDoc /v3/api-docs endpoint is enabled by default. To disable it in production, set the property 'springdoc.api-docs.enabled=false'
2026-10-08T22:10:30.443-04:00  WARN 1170625 --- [eblumbit] [restartedMain] o.s.core.events.SpringDocAppInitializer  : SpringDoc /swagger-ui.html endpoint is enabled by default. To disable it in production, set the property 'springdoc.swagger-ui.enabled=false'
2026-10-08T22:11:16.834-04:00  INFO 1170625 --- [eblumbit] [http-nio-8090-exec-2] o.a.c.c.C.[Tomcat].[localhost].[/]       : Initializing Spring DispatcherServlet 'dispatcherServlet'
2026-10-08T22:12:58.418-04:00  INFO 1170625 --- [eblumbit] [File Watcher] rtingClassPathChangeChangedEventListener : Restarting due to 1 class path change (0 additions, 0 deletions, 1 modification)
2026-10-08T22:12:58.448-04:00  INFO 1170625 --- [eblumbit] [Thread-1] o.s.boot.tomcat.GracefulShutdown         : Commencing graceful shutdown. Waiting for active requests to complete
2026-10-08T22:12:58.475-04:00  INFO 1170625 --- [eblumbit] [tomcat-shutdown] o.s.boot.tomcat.GracefulShutdown         : Graceful shutdown complete
2026-10-08T22:12:58.540-04:00  INFO 1170625 --- [eblumbit] [Thread-1] j.LocalContainerEntityManagerFactoryBean : Closing JPA EntityManagerFactory for persistence unit 'default'
2026-10-08T22:12:58.727-04:00  INFO 1170625 --- [eblumbit] [Thread-1] com.zaxxer.hikari.HikariDataSource       : HikariPool-1 - Shutdown initiated...
2026-10-08T22:12:58.795-04:00  INFO 1170625 --- [eblumbit] [Thread-1] com.zaxxer.hikari.HikariDataSource       : HikariPool-1 - Shutdown completed.
2026-10-08T22:12:59.516-04:00  INFO 1170625 --- [eblumbit] [restartedMain] c.blumbit.eblumbit.EblumbitApplication   : Starting EblumbitApplication using Java 25.0.1 with PID 1170625 (/home/david/Documents/projects/blumbit/springv6/eblumbit/target/classes started by david in /home/david/Documents/projects/blumbit/springv6/eblumbit)
2026-10-08T22:12:59.519-04:00 DEBUG 1170625 --- [eblumbit] [restartedMain] c.blumbit.eblumbit.EblumbitApplication   : Running with Spring Boot v4.1.1, Spring v7.0.9
2026-10-08T22:12:59.520-04:00  INFO 1170625 --- [eblumbit] [restartedMain] c.blumbit.eblumbit.EblumbitApplication   : No active profile set, falling back to 1 default profile: "default"
2026-10-08T22:13:01.320-04:00  INFO 1170625 --- [eblumbit] [restartedMain] .s.d.r.c.RepositoryConfigurationDelegate : Bootstrapping Spring Data JPA repositories in DEFAULT mode.
2026-10-08T22:13:01.441-04:00  INFO 1170625 --- [eblumbit] [restartedMain] .s.d.r.c.RepositoryConfigurationDelegate : Finished Spring Data repository scanning in 94 ms. Found 12 JPA repository interfaces.
2026-10-08T22:13:02.059-04:00  INFO 1170625 --- [eblumbit] [restartedMain] o.s.boot.tomcat.TomcatWebServer          : Tomcat initialized with port 8090 (http)
2026-10-08T22:13:02.066-04:00  INFO 1170625 --- [eblumbit] [restartedMain] o.apache.catalina.core.StandardService   : Starting service [Tomcat]
2026-10-08T22:13:02.066-04:00  INFO 1170625 --- [eblumbit] [restartedMain] o.apache.catalina.core.StandardEngine    : Starting Servlet engine: [Apache Tomcat/11.0.24]
2026-10-08T22:13:02.087-04:00  INFO 1170625 --- [eblumbit] [restartedMain] b.w.c.s.WebApplicationContextInitializer : Root WebApplicationContext: initialization completed in 2541 ms
2026-10-08T22:13:02.764-04:00  INFO 1170625 --- [eblumbit] [restartedMain] o.s.o.j.p.SpringPersistenceUnitInfo      : No LoadTimeWeaver setup: ignoring JPA class transformer
2026-10-08T22:13:02.772-04:00  INFO 1170625 --- [eblumbit] [restartedMain] com.zaxxer.hikari.HikariDataSource       : HikariPool-2 - Starting...
2026-10-08T22:13:03.133-04:00  INFO 1170625 --- [eblumbit] [restartedMain] com.zaxxer.hikari.pool.HikariPool        : HikariPool-2 - Added connection org.postgresql.jdbc.PgConnection@339126d9
2026-10-08T22:13:03.134-04:00  INFO 1170625 --- [eblumbit] [restartedMain] com.zaxxer.hikari.HikariDataSource       : HikariPool-2 - Start completed.
2026-10-08T22:13:04.933-04:00  INFO 1170625 --- [eblumbit] [restartedMain] j.LocalContainerEntityManagerFactoryBean : Initialized JPA EntityManagerFactory for persistence unit 'default'
2026-10-08T22:13:05.341-04:00 DEBUG 1170625 --- [eblumbit] [restartedMain] c.b.e.auth.JwtAuthenticationFilter       : Filter 'jwtAuthenticationFilter' configured for use
2026-10-08T22:13:05.449-04:00  INFO 1170625 --- [eblumbit] [restartedMain] eAuthenticationProviderManagerConfigurer : Global AuthenticationManager configured with AuthenticationProvider bean with name authenticationProvider
2026-10-08T22:13:05.451-04:00  WARN 1170625 --- [eblumbit] [restartedMain] r$InitializeUserDetailsManagerConfigurer : Global AuthenticationManager configured with an AuthenticationProvider bean. UserDetailsService beans will not be used by Spring Security for automatically configuring username/password login. Consider removing the AuthenticationProvider bean. Alternatively, consider using the UserDetailsService in a manually instantiated DaoAuthenticationProvider. If the current configuration is intentional, to turn off this warning, increase the logging level of 'org.springframework.security.config.annotation.authentication.configuration.InitializeUserDetailsBeanManagerConfigurer' to ERROR
2026-10-08T22:13:06.487-04:00  WARN 1170625 --- [eblumbit] [restartedMain] JpaBaseConfiguration$JpaWebConfiguration : spring.jpa.open-in-view is enabled by default. Therefore, database queries may be performed during view rendering. Explicitly configure spring.jpa.open-in-view to disable this warning
2026-10-08T22:13:07.290-04:00  INFO 1170625 --- [eblumbit] [restartedMain] o.s.b.a.e.web.EndpointLinksResolver      : Exposing 1 endpoint beneath base path '/actuator'
2026-10-08T22:13:07.870-04:00  INFO 1170625 --- [eblumbit] [restartedMain] o.s.boot.tomcat.TomcatWebServer          : Tomcat started on port 8090 (http) with context path '/'
2026-10-08T22:13:07.892-04:00  INFO 1170625 --- [eblumbit] [restartedMain] c.blumbit.eblumbit.EblumbitApplication   : Started EblumbitApplication in 8.558 seconds (process running for 173.085)
2026-10-08T22:13:07.914-04:00  INFO 1170625 --- [eblumbit] [SpringApplicationShutdownHook] o.s.boot.tomcat.GracefulShutdown         : Commencing graceful shutdown. Waiting for active requests to complete
2026-10-08T22:13:07.921-04:00  INFO 1170625 --- [eblumbit] [tomcat-shutdown] o.s.boot.tomcat.GracefulShutdown         : Graceful shutdown complete
2026-10-08T22:13:07.939-04:00  INFO 1170625 --- [eblumbit] [SpringApplicationShutdownHook] j.LocalContainerEntityManagerFactoryBean : Closing JPA EntityManagerFactory for persistence unit 'default'
2026-10-08T22:13:11.757-04:00  INFO 1170625 --- [eblumbit] [SpringApplicationShutdownHook] com.zaxxer.hikari.HikariDataSource       : HikariPool-2 - Shutdown initiated...
2026-10-08T22:13:11.807-04:00  INFO 1170625 --- [eblumbit] [SpringApplicationShutdownHook] com.zaxxer.hikari.HikariDataSource       : HikariPool-2 - Shutdown completed.
2026-10-08T22:13:36.565-04:00  INFO 1189523 --- [eblumbit] [restartedMain] c.blumbit.eblumbit.EblumbitApplication   : Starting EblumbitApplication using Java 25.0.1 with PID 1189523 (/home/david/Documents/projects/blumbit/springv6/eblumbit/target/classes started by david in /home/david/Documents/projects/blumbit/springv6/eblumbit)
2026-10-08T22:13:36.585-04:00 DEBUG 1189523 --- [eblumbit] [restartedMain] c.blumbit.eblumbit.EblumbitApplication   : Running with Spring Boot v4.1.1, Spring v7.0.9
2026-10-08T22:13:36.589-04:00  INFO 1189523 --- [eblumbit] [restartedMain] c.blumbit.eblumbit.EblumbitApplication   : No active profile set, falling back to 1 default profile: "default"
2026-10-08T22:13:36.834-04:00  INFO 1189523 --- [eblumbit] [restartedMain] .e.DevToolsPropertyDefaultsPostProcessor : Devtools property defaults active! Set 'spring.devtools.add-properties' to 'false' to disable
2026-10-08T22:13:36.837-04:00  INFO 1189523 --- [eblumbit] [restartedMain] .e.DevToolsPropertyDefaultsPostProcessor : For additional web related logging consider setting the 'logging.level.web' property to 'DEBUG'
2026-10-08T22:13:40.907-04:00  INFO 1189523 --- [eblumbit] [restartedMain] .s.d.r.c.RepositoryConfigurationDelegate : Bootstrapping Spring Data JPA repositories in DEFAULT mode.
2026-10-08T22:13:41.151-04:00  INFO 1189523 --- [eblumbit] [restartedMain] .s.d.r.c.RepositoryConfigurationDelegate : Finished Spring Data repository scanning in 207 ms. Found 12 JPA repository interfaces.
2026-10-08T22:13:43.560-04:00  INFO 1189523 --- [eblumbit] [restartedMain] o.s.boot.tomcat.TomcatWebServer          : Tomcat initialized with port 8090 (http)
2026-10-08T22:13:43.635-04:00  INFO 1189523 --- [eblumbit] [restartedMain] o.apache.catalina.core.StandardService   : Starting service [Tomcat]
2026-10-08T22:13:43.641-04:00  INFO 1189523 --- [eblumbit] [restartedMain] o.apache.catalina.core.StandardEngine    : Starting Servlet engine: [Apache Tomcat/11.0.24]
2026-10-08T22:13:43.898-04:00  INFO 1189523 --- [eblumbit] [restartedMain] b.w.c.s.WebApplicationContextInitializer : Root WebApplicationContext: initialization completed in 7060 ms
2026-10-08T22:13:45.917-04:00  INFO 1189523 --- [eblumbit] [restartedMain] o.s.o.j.p.SpringPersistenceUnitInfo      : No LoadTimeWeaver setup: ignoring JPA class transformer
2026-10-08T22:13:45.986-04:00  INFO 1189523 --- [eblumbit] [restartedMain] com.zaxxer.hikari.HikariDataSource       : HikariPool-1 - Starting...
2026-10-08T22:13:46.859-04:00  INFO 1189523 --- [eblumbit] [restartedMain] com.zaxxer.hikari.pool.HikariPool        : HikariPool-1 - Added connection org.postgresql.jdbc.PgConnection@2f0e98c5
2026-10-08T22:13:46.862-04:00  INFO 1189523 --- [eblumbit] [restartedMain] com.zaxxer.hikari.HikariDataSource       : HikariPool-1 - Start completed.
2026-10-08T22:13:51.224-04:00  INFO 1189523 --- [eblumbit] [restartedMain] j.LocalContainerEntityManagerFactoryBean : Initialized JPA EntityManagerFactory for persistence unit 'default'
2026-10-08T22:13:51.469-04:00  INFO 1189523 --- [eblumbit] [restartedMain] o.s.d.j.r.query.QueryEnhancerFactories   : Hibernate is in classpath; If applicable, HQL parser will be used.
2026-10-08T22:13:52.053-04:00 DEBUG 1189523 --- [eblumbit] [restartedMain] c.b.e.auth.JwtAuthenticationFilter       : Filter 'jwtAuthenticationFilter' configured for use
2026-10-08T22:13:52.271-04:00  INFO 1189523 --- [eblumbit] [restartedMain] eAuthenticationProviderManagerConfigurer : Global AuthenticationManager configured with AuthenticationProvider bean with name authenticationProvider
2026-10-08T22:13:52.273-04:00  WARN 1189523 --- [eblumbit] [restartedMain] r$InitializeUserDetailsManagerConfigurer : Global AuthenticationManager configured with an AuthenticationProvider bean. UserDetailsService beans will not be used by Spring Security for automatically configuring username/password login. Consider removing the AuthenticationProvider bean. Alternatively, consider using the UserDetailsService in a manually instantiated DaoAuthenticationProvider. If the current configuration is intentional, to turn off this warning, increase the logging level of 'org.springframework.security.config.annotation.authentication.configuration.InitializeUserDetailsBeanManagerConfigurer' to ERROR
2026-10-08T22:13:54.411-04:00  WARN 1189523 --- [eblumbit] [restartedMain] JpaBaseConfiguration$JpaWebConfiguration : spring.jpa.open-in-view is enabled by default. Therefore, database queries may be performed during view rendering. Explicitly configure spring.jpa.open-in-view to disable this warning
2026-10-08T22:13:56.186-04:00  INFO 1189523 --- [eblumbit] [restartedMain] o.s.b.a.e.web.EndpointLinksResolver      : Exposing 1 endpoint beneath base path '/actuator'
2026-10-08T22:13:57.797-04:00  INFO 1189523 --- [eblumbit] [restartedMain] o.s.boot.tomcat.TomcatWebServer          : Tomcat started on port 8090 (http) with context path '/'
2026-10-08T22:13:57.885-04:00  INFO 1189523 --- [eblumbit] [restartedMain] c.blumbit.eblumbit.EblumbitApplication   : Started EblumbitApplication in 23.066 seconds (process running for 25.501)
2026-10-08T22:14:03.932-04:00  WARN 1189523 --- [eblumbit] [restartedMain] o.s.core.events.SpringDocAppInitializer  : SpringDoc /v3/api-docs endpoint is enabled by default. To disable it in production, set the property 'springdoc.api-docs.enabled=false'
2026-10-08T22:14:03.934-04:00  WARN 1189523 --- [eblumbit] [restartedMain] o.s.core.events.SpringDocAppInitializer  : SpringDoc /swagger-ui.html endpoint is enabled by default. To disable it in production, set the property 'springdoc.swagger-ui.enabled=false'
2026-10-08T22:14:14.397-04:00  INFO 1189523 --- [eblumbit] [http-nio-8090-exec-2] o.a.c.c.C.[Tomcat].[localhost].[/]       : Initializing Spring DispatcherServlet 'dispatcherServlet'
2026-10-08T22:19:39.913-04:00  INFO 1189523 --- [eblumbit] [File Watcher] rtingClassPathChangeChangedEventListener : Restarting due to 1 class path change (0 additions, 0 deletions, 1 modification)
2026-10-08T22:19:39.934-04:00  INFO 1189523 --- [eblumbit] [Thread-1] o.s.boot.tomcat.GracefulShutdown         : Commencing graceful shutdown. Waiting for active requests to complete
2026-10-08T22:19:39.951-04:00  INFO 1189523 --- [eblumbit] [tomcat-shutdown] o.s.boot.tomcat.GracefulShutdown         : Graceful shutdown complete
2026-10-08T22:19:40.033-04:00  INFO 1189523 --- [eblumbit] [Thread-1] j.LocalContainerEntityManagerFactoryBean : Closing JPA EntityManagerFactory for persistence unit 'default'
2026-10-08T22:19:40.227-04:00  INFO 1189523 --- [eblumbit] [Thread-1] com.zaxxer.hikari.HikariDataSource       : HikariPool-1 - Shutdown initiated...
2026-10-08T22:19:40.341-04:00  INFO 1189523 --- [eblumbit] [Thread-1] com.zaxxer.hikari.HikariDataSource       : HikariPool-1 - Shutdown completed.
2026-10-08T22:19:41.483-04:00  INFO 1189523 --- [eblumbit] [restartedMain] c.blumbit.eblumbit.EblumbitApplication   : Starting EblumbitApplication using Java 25.0.1 with PID 1189523 (/home/david/Documents/projects/blumbit/springv6/eblumbit/target/classes started by david in /home/david/Documents/projects/blumbit/springv6/eblumbit)
2026-10-08T22:19:41.483-04:00 DEBUG 1189523 --- [eblumbit] [restartedMain] c.blumbit.eblumbit.EblumbitApplication   : Running with Spring Boot v4.1.1, Spring v7.0.9
2026-10-08T22:19:41.484-04:00  INFO 1189523 --- [eblumbit] [restartedMain] c.blumbit.eblumbit.EblumbitApplication   : No active profile set, falling back to 1 default profile: "default"
2026-10-08T22:19:42.906-04:00  INFO 1189523 --- [eblumbit] [restartedMain] .s.d.r.c.RepositoryConfigurationDelegate : Bootstrapping Spring Data JPA repositories in DEFAULT mode.
2026-10-08T22:19:43.044-04:00  INFO 1189523 --- [eblumbit] [restartedMain] .s.d.r.c.RepositoryConfigurationDelegate : Finished Spring Data repository scanning in 127 ms. Found 12 JPA repository interfaces.
2026-10-08T22:19:44.880-04:00  INFO 1189523 --- [eblumbit] [restartedMain] o.s.boot.tomcat.TomcatWebServer          : Tomcat initialized with port 8090 (http)
2026-10-08T22:19:44.888-04:00  INFO 1189523 --- [eblumbit] [restartedMain] o.apache.catalina.core.StandardService   : Starting service [Tomcat]
2026-10-08T22:19:44.894-04:00  INFO 1189523 --- [eblumbit] [restartedMain] o.apache.catalina.core.StandardEngine    : Starting Servlet engine: [Apache Tomcat/11.0.24]
2026-10-08T22:19:44.980-04:00  INFO 1189523 --- [eblumbit] [restartedMain] b.w.c.s.WebApplicationContextInitializer : Root WebApplicationContext: initialization completed in 3486 ms
2026-10-08T22:19:46.023-04:00  INFO 1189523 --- [eblumbit] [restartedMain] o.s.o.j.p.SpringPersistenceUnitInfo      : No LoadTimeWeaver setup: ignoring JPA class transformer
2026-10-08T22:19:46.044-04:00  INFO 1189523 --- [eblumbit] [restartedMain] com.zaxxer.hikari.HikariDataSource       : HikariPool-2 - Starting...
2026-10-08T22:19:46.365-04:00  INFO 1189523 --- [eblumbit] [restartedMain] com.zaxxer.hikari.pool.HikariPool        : HikariPool-2 - Added connection org.postgresql.jdbc.PgConnection@73d3d780
2026-10-08T22:19:46.368-04:00  INFO 1189523 --- [eblumbit] [restartedMain] com.zaxxer.hikari.HikariDataSource       : HikariPool-2 - Start completed.
2026-10-08T22:19:50.769-04:00  INFO 1189523 --- [eblumbit] [restartedMain] j.LocalContainerEntityManagerFactoryBean : Initialized JPA EntityManagerFactory for persistence unit 'default'
2026-10-08T22:19:51.382-04:00 DEBUG 1189523 --- [eblumbit] [restartedMain] c.b.e.auth.JwtAuthenticationFilter       : Filter 'jwtAuthenticationFilter' configured for use
2026-10-08T22:19:51.557-04:00  INFO 1189523 --- [eblumbit] [restartedMain] eAuthenticationProviderManagerConfigurer : Global AuthenticationManager configured with AuthenticationProvider bean with name authenticationProvider
2026-10-08T22:19:51.558-04:00  WARN 1189523 --- [eblumbit] [restartedMain] r$InitializeUserDetailsManagerConfigurer : Global AuthenticationManager configured with an AuthenticationProvider bean. UserDetailsService beans will not be used by Spring Security for automatically configuring username/password login. Consider removing the AuthenticationProvider bean. Alternatively, consider using the UserDetailsService in a manually instantiated DaoAuthenticationProvider. If the current configuration is intentional, to turn off this warning, increase the logging level of 'org.springframework.security.config.annotation.authentication.configuration.InitializeUserDetailsBeanManagerConfigurer' to ERROR
2026-10-08T22:19:52.459-04:00  WARN 1189523 --- [eblumbit] [restartedMain] ConfigServletWebServerApplicationContext : Exception encountered during context initialization - cancelling refresh attempt: org.springframework.beans.factory.BeanCreationException: Error creating bean with name 'dataSeeder' defined in file [/home/david/Documents/projects/blumbit/springv6/eblumbit/target/classes/com/blumbit/eblumbit/utils/DataSeeder.class]: Failed to instantiate [com.blumbit.eblumbit.utils.DataSeeder]: Constructor threw exception
2026-10-08T22:19:52.460-04:00  INFO 1189523 --- [eblumbit] [restartedMain] j.LocalContainerEntityManagerFactoryBean : Closing JPA EntityManagerFactory for persistence unit 'default'
2026-10-08T22:19:52.604-04:00  INFO 1189523 --- [eblumbit] [restartedMain] com.zaxxer.hikari.HikariDataSource       : HikariPool-2 - Shutdown initiated...
2026-10-08T22:19:52.655-04:00  INFO 1189523 --- [eblumbit] [restartedMain] com.zaxxer.hikari.HikariDataSource       : HikariPool-2 - Shutdown completed.
2026-10-08T22:19:52.655-04:00  INFO 1189523 --- [eblumbit] [restartedMain] o.apache.catalina.core.StandardService   : Stopping service [Tomcat]
2026-10-08T22:19:52.672-04:00  INFO 1189523 --- [eblumbit] [restartedMain] .s.b.a.l.ConditionEvaluationReportLogger : 

Error starting ApplicationContext. To display the condition evaluation report re-run your application with 'debug' enabled.
2026-10-08T22:19:52.705-04:00 ERROR 1189523 --- [eblumbit] [restartedMain] o.s.boot.SpringApplication               : Application run failed

org.springframework.beans.factory.BeanCreationException: Error creating bean with name 'dataSeeder' defined in file [/home/david/Documents/projects/blumbit/springv6/eblumbit/target/classes/com/blumbit/eblumbit/utils/DataSeeder.class]: Failed to instantiate [com.blumbit.eblumbit.utils.DataSeeder]: Constructor threw exception
	at org.springframework.beans.factory.support.ConstructorResolver.instantiate(ConstructorResolver.java:321) ~[spring-beans-7.0.9.jar:7.0.9]
	at org.springframework.beans.factory.support.ConstructorResolver.autowireConstructor(ConstructorResolver.java:309) ~[spring-beans-7.0.9.jar:7.0.9]
	at org.springframework.beans.factory.support.AbstractAutowireCapableBeanFactory.autowireConstructor(AbstractAutowireCapableBeanFactory.java:1380) ~[spring-beans-7.0.9.jar:7.0.9]
	at org.springframework.beans.factory.support.AbstractAutowireCapableBeanFactory.createBeanInstance(AbstractAutowireCapableBeanFactory.java:1219) ~[spring-beans-7.0.9.jar:7.0.9]
	at org.springframework.beans.factory.support.AbstractAutowireCapableBeanFactory.doCreateBean(AbstractAutowireCapableBeanFactory.java:565) ~[spring-beans-7.0.9.jar:7.0.9]
	at org.springframework.beans.factory.support.AbstractAutowireCapableBeanFactory.createBean(AbstractAutowireCapableBeanFactory.java:525) ~[spring-beans-7.0.9.jar:7.0.9]
	at org.springframework.beans.factory.support.AbstractBeanFactory.lambda$doGetBean$0(AbstractBeanFactory.java:333) ~[spring-beans-7.0.9.jar:7.0.9]
	at org.springframework.beans.factory.support.DefaultSingletonBeanRegistry.getSingleton(DefaultSingletonBeanRegistry.java:371) ~[spring-beans-7.0.9.jar:7.0.9]
	at org.springframework.beans.factory.support.AbstractBeanFactory.doGetBean(AbstractBeanFactory.java:331) ~[spring-beans-7.0.9.jar:7.0.9]
	at org.springframework.beans.factory.support.AbstractBeanFactory.getBean(AbstractBeanFactory.java:196) ~[spring-beans-7.0.9.jar:7.0.9]
	at org.springframework.beans.factory.support.DefaultListableBeanFactory.instantiateSingleton(DefaultListableBeanFactory.java:1225) ~[spring-beans-7.0.9.jar:7.0.9]
	at org.springframework.beans.factory.support.DefaultListableBeanFactory.preInstantiateSingleton(DefaultListableBeanFactory.java:1191) ~[spring-beans-7.0.9.jar:7.0.9]
	at org.springframework.beans.factory.support.DefaultListableBeanFactory.preInstantiateSingletons(DefaultListableBeanFactory.java:1121) ~[spring-beans-7.0.9.jar:7.0.9]
	at org.springframework.context.support.AbstractApplicationContext.finishBeanFactoryInitialization(AbstractApplicationContext.java:994) ~[spring-context-7.0.9.jar:7.0.9]
	at org.springframework.context.support.AbstractApplicationContext.refresh(AbstractApplicationContext.java:621) ~[spring-context-7.0.9.jar:7.0.9]
	at org.springframework.boot.web.server.servlet.context.ServletWebServerApplicationContext.refresh(ServletWebServerApplicationContext.java:143) ~[spring-boot-web-server-4.1.1.jar:4.1.1]
	at org.springframework.boot.SpringApplication.refresh(SpringApplication.java:756) ~[spring-boot-4.1.1.jar:4.1.1]
	at org.springframework.boot.SpringApplication.refreshContext(SpringApplication.java:445) ~[spring-boot-4.1.1.jar:4.1.1]
	at org.springframework.boot.SpringApplication.run(SpringApplication.java:321) ~[spring-boot-4.1.1.jar:4.1.1]
	at org.springframework.boot.SpringApplication.run(SpringApplication.java:1365) ~[spring-boot-4.1.1.jar:4.1.1]
	at org.springframework.boot.SpringApplication.run(SpringApplication.java:1354) ~[spring-boot-4.1.1.jar:4.1.1]
	at com.blumbit.eblumbit.EblumbitApplication.main(EblumbitApplication.java:10) ~[classes/:na]
	at java.base/jdk.internal.reflect.DirectMethodHandleAccessor.invoke(DirectMethodHandleAccessor.java:104) ~[na:na]
	at java.base/java.lang.reflect.Method.invoke(Method.java:565) ~[na:na]
	at org.springframework.boot.devtools.restart.RestartLauncher.run(RestartLauncher.java:52) ~[spring-boot-devtools-4.1.1.jar:4.1.1]
Caused by: org.springframework.beans.BeanInstantiationException: Failed to instantiate [com.blumbit.eblumbit.utils.DataSeeder]: Constructor threw exception
	at org.springframework.beans.BeanUtils.instantiateClass(BeanUtils.java:220) ~[spring-beans-7.0.9.jar:7.0.9]
	at org.springframework.beans.factory.support.SimpleInstantiationStrategy.instantiate(SimpleInstantiationStrategy.java:129) ~[spring-beans-7.0.9.jar:7.0.9]
	at org.springframework.beans.factory.support.ConstructorResolver.instantiate(ConstructorResolver.java:318) ~[spring-beans-7.0.9.jar:7.0.9]
	... 24 common frames omitted
Caused by: java.lang.Error: Unresolved compilation problems: 
	Syntax error, insert "Identifier (" to complete ConstructorHeaderName
	Syntax error, insert ")" to complete ConstructorDeclaration
	Syntax error, insert ";" to complete ConstructorDeclaration
	Syntax error on token "PasswordE", { expected after this token
	Syntax error on token(s), misplaced construct(s)

	at com.blumbit.eblumbit.utils.DataSeeder.<init>(DataSeeder.java:34) ~[classes/:na]
	at java.base/jdk.internal.reflect.DirectConstructorHandleAccessor.newInstance(DirectConstructorHandleAccessor.java:62) ~[na:na]
	at java.base/java.lang.reflect.Constructor.newInstanceWithCaller(Constructor.java:499) ~[na:na]
	at java.base/java.lang.reflect.Constructor.newInstance(Constructor.java:483) ~[na:na]
	at org.springframework.beans.BeanUtils.instantiateClass(BeanUtils.java:207) ~[spring-beans-7.0.9.jar:7.0.9]
	... 26 common frames omitted

2026-10-08T22:19:54.220-04:00  INFO 1189523 --- [eblumbit] [restartedMain] c.blumbit.eblumbit.EblumbitApplication   : Starting EblumbitApplication using Java 25.0.1 with PID 1189523 (/home/david/Documents/projects/blumbit/springv6/eblumbit/target/classes started by david in /home/david/Documents/projects/blumbit/springv6/eblumbit)
2026-10-08T22:19:54.221-04:00 DEBUG 1189523 --- [eblumbit] [restartedMain] c.blumbit.eblumbit.EblumbitApplication   : Running with Spring Boot v4.1.1, Spring v7.0.9
2026-10-08T22:19:54.222-04:00  INFO 1189523 --- [eblumbit] [restartedMain] c.blumbit.eblumbit.EblumbitApplication   : No active profile set, falling back to 1 default profile: "default"
2026-10-08T22:19:54.907-04:00  INFO 1189523 --- [eblumbit] [restartedMain] .s.d.r.c.RepositoryConfigurationDelegate : Bootstrapping Spring Data JPA repositories in DEFAULT mode.
2026-10-08T22:19:54.972-04:00  INFO 1189523 --- [eblumbit] [restartedMain] .s.d.r.c.RepositoryConfigurationDelegate : Finished Spring Data repository scanning in 61 ms. Found 12 JPA repository interfaces.
2026-10-08T22:19:55.477-04:00  INFO 1189523 --- [eblumbit] [restartedMain] o.s.boot.tomcat.TomcatWebServer          : Tomcat initialized with port 8090 (http)
2026-10-08T22:19:55.479-04:00  INFO 1189523 --- [eblumbit] [restartedMain] o.apache.catalina.core.StandardService   : Starting service [Tomcat]
2026-10-08T22:19:55.480-04:00  INFO 1189523 --- [eblumbit] [restartedMain] o.apache.catalina.core.StandardEngine    : Starting Servlet engine: [Apache Tomcat/11.0.24]
2026-10-08T22:19:55.502-04:00  INFO 1189523 --- [eblumbit] [restartedMain] b.w.c.s.WebApplicationContextInitializer : Root WebApplicationContext: initialization completed in 1274 ms
2026-10-08T22:19:55.868-04:00  INFO 1189523 --- [eblumbit] [restartedMain] o.s.o.j.p.SpringPersistenceUnitInfo      : No LoadTimeWeaver setup: ignoring JPA class transformer
2026-10-08T22:19:55.870-04:00  INFO 1189523 --- [eblumbit] [restartedMain] com.zaxxer.hikari.HikariDataSource       : HikariPool-3 - Starting...
2026-10-08T22:19:55.947-04:00  INFO 1189523 --- [eblumbit] [restartedMain] com.zaxxer.hikari.pool.HikariPool        : HikariPool-3 - Added connection org.postgresql.jdbc.PgConnection@47315461
2026-10-08T22:19:55.948-04:00  INFO 1189523 --- [eblumbit] [restartedMain] com.zaxxer.hikari.HikariDataSource       : HikariPool-3 - Start completed.
2026-10-08T22:19:57.334-04:00  INFO 1189523 --- [eblumbit] [restartedMain] j.LocalContainerEntityManagerFactoryBean : Initialized JPA EntityManagerFactory for persistence unit 'default'
2026-10-08T22:19:57.536-04:00 DEBUG 1189523 --- [eblumbit] [restartedMain] c.b.e.auth.JwtAuthenticationFilter       : Filter 'jwtAuthenticationFilter' configured for use
2026-10-08T22:19:57.643-04:00  INFO 1189523 --- [eblumbit] [restartedMain] eAuthenticationProviderManagerConfigurer : Global AuthenticationManager configured with AuthenticationProvider bean with name authenticationProvider
2026-10-08T22:19:57.645-04:00  WARN 1189523 --- [eblumbit] [restartedMain] r$InitializeUserDetailsManagerConfigurer : Global AuthenticationManager configured with an AuthenticationProvider bean. UserDetailsService beans will not be used by Spring Security for automatically configuring username/password login. Consider removing the AuthenticationProvider bean. Alternatively, consider using the UserDetailsService in a manually instantiated DaoAuthenticationProvider. If the current configuration is intentional, to turn off this warning, increase the logging level of 'org.springframework.security.config.annotation.authentication.configuration.InitializeUserDetailsBeanManagerConfigurer' to ERROR
2026-10-08T22:19:59.145-04:00  WARN 1189523 --- [eblumbit] [restartedMain] JpaBaseConfiguration$JpaWebConfiguration : spring.jpa.open-in-view is enabled by default. Therefore, database queries may be performed during view rendering. Explicitly configure spring.jpa.open-in-view to disable this warning
2026-10-08T22:20:00.272-04:00  INFO 1189523 --- [eblumbit] [restartedMain] o.s.b.a.e.web.EndpointLinksResolver      : Exposing 1 endpoint beneath base path '/actuator'
2026-10-08T22:20:01.461-04:00  INFO 1189523 --- [eblumbit] [restartedMain] o.s.boot.tomcat.TomcatWebServer          : Tomcat started on port 8090 (http) with context path '/'
2026-10-08T22:20:01.471-04:00  INFO 1189523 --- [eblumbit] [restartedMain] c.blumbit.eblumbit.EblumbitApplication   : Started EblumbitApplication in 7.307 seconds (process running for 389.087)
2026-10-08T22:20:05.588-04:00  WARN 1189523 --- [eblumbit] [restartedMain] o.s.core.events.SpringDocAppInitializer  : SpringDoc /v3/api-docs endpoint is enabled by default. To disable it in production, set the property 'springdoc.api-docs.enabled=false'
2026-10-08T22:20:05.589-04:00  WARN 1189523 --- [eblumbit] [restartedMain] o.s.core.events.SpringDocAppInitializer  : SpringDoc /swagger-ui.html endpoint is enabled by default. To disable it in production, set the property 'springdoc.swagger-ui.enabled=false'
2026-10-08T22:20:05.602-04:00  INFO 1189523 --- [eblumbit] [restartedMain] .ConditionEvaluationDeltaLoggingListener : Condition evaluation unchanged
2026-10-08T22:20:20.157-04:00  INFO 1189523 --- [eblumbit] [File Watcher] rtingClassPathChangeChangedEventListener : Restarting due to 1 class path change (0 additions, 0 deletions, 1 modification)
2026-10-08T22:20:20.178-04:00  INFO 1189523 --- [eblumbit] [Thread-5] o.s.boot.tomcat.GracefulShutdown         : Commencing graceful shutdown. Waiting for active requests to complete
2026-10-08T22:20:20.189-04:00  INFO 1189523 --- [eblumbit] [tomcat-shutdown] o.s.boot.tomcat.GracefulShutdown         : Graceful shutdown complete
2026-10-08T22:20:20.225-04:00  INFO 1189523 --- [eblumbit] [Thread-5] j.LocalContainerEntityManagerFactoryBean : Closing JPA EntityManagerFactory for persistence unit 'default'
2026-10-08T22:20:20.437-04:00  INFO 1189523 --- [eblumbit] [Thread-5] com.zaxxer.hikari.HikariDataSource       : HikariPool-3 - Shutdown initiated...
2026-10-08T22:20:20.495-04:00  INFO 1189523 --- [eblumbit] [Thread-5] com.zaxxer.hikari.HikariDataSource       : HikariPool-3 - Shutdown completed.
2026-10-08T22:20:21.255-04:00  INFO 1189523 --- [eblumbit] [restartedMain] c.blumbit.eblumbit.EblumbitApplication   : Starting EblumbitApplication using Java 25.0.1 with PID 1189523 (/home/david/Documents/projects/blumbit/springv6/eblumbit/target/classes started by david in /home/david/Documents/projects/blumbit/springv6/eblumbit)
2026-10-08T22:20:21.256-04:00 DEBUG 1189523 --- [eblumbit] [restartedMain] c.blumbit.eblumbit.EblumbitApplication   : Running with Spring Boot v4.1.1, Spring v7.0.9
2026-10-08T22:20:21.258-04:00  INFO 1189523 --- [eblumbit] [restartedMain] c.blumbit.eblumbit.EblumbitApplication   : No active profile set, falling back to 1 default profile: "default"
2026-10-08T22:20:22.864-04:00  INFO 1189523 --- [eblumbit] [restartedMain] .s.d.r.c.RepositoryConfigurationDelegate : Bootstrapping Spring Data JPA repositories in DEFAULT mode.
2026-10-08T22:20:22.924-04:00  INFO 1189523 --- [eblumbit] [restartedMain] .s.d.r.c.RepositoryConfigurationDelegate : Finished Spring Data repository scanning in 55 ms. Found 12 JPA repository interfaces.
2026-10-08T22:20:23.554-04:00  INFO 1189523 --- [eblumbit] [restartedMain] o.s.boot.tomcat.TomcatWebServer          : Tomcat initialized with port 8090 (http)
2026-10-08T22:20:23.556-04:00  INFO 1189523 --- [eblumbit] [restartedMain] o.apache.catalina.core.StandardService   : Starting service [Tomcat]
2026-10-08T22:20:23.556-04:00  INFO 1189523 --- [eblumbit] [restartedMain] o.apache.catalina.core.StandardEngine    : Starting Servlet engine: [Apache Tomcat/11.0.24]
2026-10-08T22:20:23.572-04:00  INFO 1189523 --- [eblumbit] [restartedMain] b.w.c.s.WebApplicationContextInitializer : Root WebApplicationContext: initialization completed in 2304 ms
2026-10-08T22:20:23.872-04:00  INFO 1189523 --- [eblumbit] [restartedMain] o.s.o.j.p.SpringPersistenceUnitInfo      : No LoadTimeWeaver setup: ignoring JPA class transformer
2026-10-08T22:20:23.874-04:00  INFO 1189523 --- [eblumbit] [restartedMain] com.zaxxer.hikari.HikariDataSource       : HikariPool-4 - Starting...
2026-10-08T22:20:24.094-04:00  INFO 1189523 --- [eblumbit] [restartedMain] com.zaxxer.hikari.pool.HikariPool        : HikariPool-4 - Added connection org.postgresql.jdbc.PgConnection@1a9e6f60
2026-10-08T22:20:24.098-04:00  INFO 1189523 --- [eblumbit] [restartedMain] com.zaxxer.hikari.HikariDataSource       : HikariPool-4 - Start completed.
2026-10-08T22:20:26.226-04:00  INFO 1189523 --- [eblumbit] [restartedMain] j.LocalContainerEntityManagerFactoryBean : Initialized JPA EntityManagerFactory for persistence unit 'default'
2026-10-08T22:20:26.564-04:00 DEBUG 1189523 --- [eblumbit] [restartedMain] c.b.e.auth.JwtAuthenticationFilter       : Filter 'jwtAuthenticationFilter' configured for use
2026-10-08T22:20:26.654-04:00  INFO 1189523 --- [eblumbit] [restartedMain] eAuthenticationProviderManagerConfigurer : Global AuthenticationManager configured with AuthenticationProvider bean with name authenticationProvider
2026-10-08T22:20:26.655-04:00  WARN 1189523 --- [eblumbit] [restartedMain] r$InitializeUserDetailsManagerConfigurer : Global AuthenticationManager configured with an AuthenticationProvider bean. UserDetailsService beans will not be used by Spring Security for automatically configuring username/password login. Consider removing the AuthenticationProvider bean. Alternatively, consider using the UserDetailsService in a manually instantiated DaoAuthenticationProvider. If the current configuration is intentional, to turn off this warning, increase the logging level of 'org.springframework.security.config.annotation.authentication.configuration.InitializeUserDetailsBeanManagerConfigurer' to ERROR
2026-10-08T22:20:28.879-04:00  WARN 1189523 --- [eblumbit] [restartedMain] JpaBaseConfiguration$JpaWebConfiguration : spring.jpa.open-in-view is enabled by default. Therefore, database queries may be performed during view rendering. Explicitly configure spring.jpa.open-in-view to disable this warning
2026-10-08T22:20:31.962-04:00  INFO 1189523 --- [eblumbit] [restartedMain] o.s.b.a.e.web.EndpointLinksResolver      : Exposing 1 endpoint beneath base path '/actuator'
2026-10-08T22:20:33.020-04:00  INFO 1189523 --- [eblumbit] [restartedMain] o.s.boot.tomcat.TomcatWebServer          : Tomcat started on port 8090 (http) with context path '/'
2026-10-08T22:20:33.080-04:00  INFO 1189523 --- [eblumbit] [restartedMain] c.blumbit.eblumbit.EblumbitApplication   : Started EblumbitApplication in 11.944 seconds (process running for 420.696)
2026-10-08T22:20:33.927-04:00  INFO 1189523 --- [eblumbit] [restartedMain] .s.b.a.l.ConditionEvaluationReportLogger : 

Error starting ApplicationContext. To display the condition evaluation report re-run your application with 'debug' enabled.
2026-10-08T22:20:33.938-04:00 ERROR 1189523 --- [eblumbit] [restartedMain] o.s.boot.SpringApplication               : Application run failed

java.lang.Error: Unresolved compilation problems: 
	En cannot be resolved or is not a field
	Syntax error on token ""123456"", delete this token

	at com.blumbit.eblumbit.utils.DataSeeder.crearUsuarios(DataSeeder.java:200) ~[classes/:na]
	at com.blumbit.eblumbit.utils.DataSeeder.run(DataSeeder.java:89) ~[classes/:na]
	at java.base/jdk.internal.reflect.DirectMethodHandleAccessor.invoke(DirectMethodHandleAccessor.java:104) ~[na:na]
	at java.base/java.lang.reflect.Method.invoke(Method.java:565) ~[na:na]
	at org.springframework.aop.support.AopUtils.invokeJoinpointUsingReflection(AopUtils.java:359) ~[spring-aop-7.0.9.jar:7.0.9]
	at org.springframework.aop.framework.ReflectiveMethodInvocation.invokeJoinpoint(ReflectiveMethodInvocation.java:190) ~[spring-aop-7.0.9.jar:7.0.9]
	at org.springframework.aop.framework.ReflectiveMethodInvocation.proceed(ReflectiveMethodInvocation.java:158) ~[spring-aop-7.0.9.jar:7.0.9]
	at org.springframework.transaction.interceptor.TransactionInterceptor$1.proceedWithInvocation(TransactionInterceptor.java:133) ~[spring-tx-7.0.9.jar:7.0.9]
	at org.springframework.transaction.interceptor.TransactionAspectSupport.invokeWithinTransaction(TransactionAspectSupport.java:371) ~[spring-tx-7.0.9.jar:7.0.9]
	at org.springframework.transaction.interceptor.TransactionInterceptor.invoke(TransactionInterceptor.java:130) ~[spring-tx-7.0.9.jar:7.0.9]
	at org.springframework.aop.framework.ReflectiveMethodInvocation.proceed(ReflectiveMethodInvocation.java:179) ~[spring-aop-7.0.9.jar:7.0.9]
	at org.springframework.aop.framework.CglibAopProxy$DynamicAdvisedInterceptor.intercept(CglibAopProxy.java:719) ~[spring-aop-7.0.9.jar:7.0.9]
	at com.blumbit.eblumbit.utils.DataSeeder$$SpringCGLIB$$0.run(<generated>) ~[classes/:na]
	at org.springframework.boot.SpringApplication.lambda$callRunner$0(SpringApplication.java:788) ~[spring-boot-4.1.1.jar:4.1.1]
	at org.springframework.util.function.ThrowingConsumer$1.acceptWithException(ThrowingConsumer.java:82) ~[spring-core-7.0.9.jar:7.0.9]
	at org.springframework.util.function.ThrowingConsumer.accept(ThrowingConsumer.java:60) ~[spring-core-7.0.9.jar:7.0.9]
	at org.springframework.util.function.ThrowingConsumer$1.accept(ThrowingConsumer.java:86) ~[spring-core-7.0.9.jar:7.0.9]
	at org.springframework.boot.SpringApplication.callRunner(SpringApplication.java:800) ~[spring-boot-4.1.1.jar:4.1.1]
	at org.springframework.boot.SpringApplication.callRunner(SpringApplication.java:788) ~[spring-boot-4.1.1.jar:4.1.1]
	at org.springframework.boot.SpringApplication.lambda$callRunners$0(SpringApplication.java:776) ~[spring-boot-4.1.1.jar:4.1.1]
	at java.base/java.util.stream.ForEachOps$ForEachOp$OfRef.accept(ForEachOps.java:186) ~[na:na]
	at java.base/java.util.stream.SortedOps$SizedRefSortingSink.end(SortedOps.java:357) ~[na:na]
	at java.base/java.util.stream.AbstractPipeline.copyInto(AbstractPipeline.java:571) ~[na:na]
	at java.base/java.util.stream.AbstractPipeline.wrapAndCopyInto(AbstractPipeline.java:560) ~[na:na]
	at java.base/java.util.stream.ForEachOps$ForEachOp.evaluateSequential(ForEachOps.java:153) ~[na:na]
	at java.base/java.util.stream.ForEachOps$ForEachOp$OfRef.evaluateSequential(ForEachOps.java:176) ~[na:na]
	at java.base/java.util.stream.AbstractPipeline.evaluate(AbstractPipeline.java:265) ~[na:na]
	at java.base/java.util.stream.ReferencePipeline.forEach(ReferencePipeline.java:632) ~[na:na]
	at org.springframework.boot.SpringApplication.callRunners(SpringApplication.java:776) ~[spring-boot-4.1.1.jar:4.1.1]
	at org.springframework.boot.SpringApplication.run(SpringApplication.java:328) ~[spring-boot-4.1.1.jar:4.1.1]
	at org.springframework.boot.SpringApplication.run(SpringApplication.java:1365) ~[spring-boot-4.1.1.jar:4.1.1]
	at org.springframework.boot.SpringApplication.run(SpringApplication.java:1354) ~[spring-boot-4.1.1.jar:4.1.1]
	at com.blumbit.eblumbit.EblumbitApplication.main(EblumbitApplication.java:10) ~[classes/:na]
	at java.base/jdk.internal.reflect.DirectMethodHandleAccessor.invoke(DirectMethodHandleAccessor.java:104) ~[na:na]
	at java.base/java.lang.reflect.Method.invoke(Method.java:565) ~[na:na]
	at org.springframework.boot.devtools.restart.RestartLauncher.run(RestartLauncher.java:52) ~[spring-boot-devtools-4.1.1.jar:4.1.1]

2026-10-08T22:20:33.948-04:00  INFO 1189523 --- [eblumbit] [restartedMain] o.s.boot.tomcat.GracefulShutdown         : Commencing graceful shutdown. Waiting for active requests to complete
2026-10-08T22:20:33.960-04:00  INFO 1189523 --- [eblumbit] [tomcat-shutdown] o.s.boot.tomcat.GracefulShutdown         : Graceful shutdown complete
2026-10-08T22:20:34.003-04:00  INFO 1189523 --- [eblumbit] [restartedMain] j.LocalContainerEntityManagerFactoryBean : Closing JPA EntityManagerFactory for persistence unit 'default'
2026-10-08T22:20:34.140-04:00  INFO 1189523 --- [eblumbit] [restartedMain] com.zaxxer.hikari.HikariDataSource       : HikariPool-4 - Shutdown initiated...
2026-10-08T22:20:34.174-04:00  INFO 1189523 --- [eblumbit] [restartedMain] com.zaxxer.hikari.HikariDataSource       : HikariPool-4 - Shutdown completed.
2026-10-08T22:20:55.022-04:00  INFO 1189523 --- [eblumbit] [restartedMain] c.blumbit.eblumbit.EblumbitApplication   : Starting EblumbitApplication using Java 25.0.1 with PID 1189523 (/home/david/Documents/projects/blumbit/springv6/eblumbit/target/classes started by david in /home/david/Documents/projects/blumbit/springv6/eblumbit)
2026-10-08T22:20:55.022-04:00 DEBUG 1189523 --- [eblumbit] [restartedMain] c.blumbit.eblumbit.EblumbitApplication   : Running with Spring Boot v4.1.1, Spring v7.0.9
2026-10-08T22:20:55.022-04:00  INFO 1189523 --- [eblumbit] [restartedMain] c.blumbit.eblumbit.EblumbitApplication   : No active profile set, falling back to 1 default profile: "default"
2026-10-08T22:20:55.707-04:00  INFO 1189523 --- [eblumbit] [restartedMain] .s.d.r.c.RepositoryConfigurationDelegate : Bootstrapping Spring Data JPA repositories in DEFAULT mode.
2026-10-08T22:20:55.770-04:00  INFO 1189523 --- [eblumbit] [restartedMain] .s.d.r.c.RepositoryConfigurationDelegate : Finished Spring Data repository scanning in 59 ms. Found 12 JPA repository interfaces.
2026-10-08T22:20:56.300-04:00  INFO 1189523 --- [eblumbit] [restartedMain] o.s.boot.tomcat.TomcatWebServer          : Tomcat initialized with port 8090 (http)
2026-10-08T22:20:56.301-04:00  INFO 1189523 --- [eblumbit] [restartedMain] o.apache.catalina.core.StandardService   : Starting service [Tomcat]
2026-10-08T22:20:56.302-04:00  INFO 1189523 --- [eblumbit] [restartedMain] o.apache.catalina.core.StandardEngine    : Starting Servlet engine: [Apache Tomcat/11.0.24]
2026-10-08T22:20:56.320-04:00  INFO 1189523 --- [eblumbit] [restartedMain] b.w.c.s.WebApplicationContextInitializer : Root WebApplicationContext: initialization completed in 1295 ms
2026-10-08T22:20:56.613-04:00  INFO 1189523 --- [eblumbit] [restartedMain] o.s.o.j.p.SpringPersistenceUnitInfo      : No LoadTimeWeaver setup: ignoring JPA class transformer
2026-10-08T22:20:56.615-04:00  INFO 1189523 --- [eblumbit] [restartedMain] com.zaxxer.hikari.HikariDataSource       : HikariPool-5 - Starting...
2026-10-08T22:20:56.677-04:00  INFO 1189523 --- [eblumbit] [restartedMain] com.zaxxer.hikari.pool.HikariPool        : HikariPool-5 - Added connection org.postgresql.jdbc.PgConnection@122985a0
2026-10-08T22:20:56.678-04:00  INFO 1189523 --- [eblumbit] [restartedMain] com.zaxxer.hikari.HikariDataSource       : HikariPool-5 - Start completed.
2026-10-08T22:20:57.672-04:00  INFO 1189523 --- [eblumbit] [restartedMain] j.LocalContainerEntityManagerFactoryBean : Initialized JPA EntityManagerFactory for persistence unit 'default'
2026-10-08T22:20:57.976-04:00 DEBUG 1189523 --- [eblumbit] [restartedMain] c.b.e.auth.JwtAuthenticationFilter       : Filter 'jwtAuthenticationFilter' configured for use
2026-10-08T22:20:58.089-04:00  INFO 1189523 --- [eblumbit] [restartedMain] eAuthenticationProviderManagerConfigurer : Global AuthenticationManager configured with AuthenticationProvider bean with name authenticationProvider
2026-10-08T22:20:58.092-04:00  WARN 1189523 --- [eblumbit] [restartedMain] r$InitializeUserDetailsManagerConfigurer : Global AuthenticationManager configured with an AuthenticationProvider bean. UserDetailsService beans will not be used by Spring Security for automatically configuring username/password login. Consider removing the AuthenticationProvider bean. Alternatively, consider using the UserDetailsService in a manually instantiated DaoAuthenticationProvider. If the current configuration is intentional, to turn off this warning, increase the logging level of 'org.springframework.security.config.annotation.authentication.configuration.InitializeUserDetailsBeanManagerConfigurer' to ERROR
2026-10-08T22:20:59.394-04:00  WARN 1189523 --- [eblumbit] [restartedMain] JpaBaseConfiguration$JpaWebConfiguration : spring.jpa.open-in-view is enabled by default. Therefore, database queries may be performed during view rendering. Explicitly configure spring.jpa.open-in-view to disable this warning
2026-10-08T22:21:00.176-04:00  INFO 1189523 --- [eblumbit] [restartedMain] o.s.b.a.e.web.EndpointLinksResolver      : Exposing 1 endpoint beneath base path '/actuator'
2026-10-08T22:21:01.117-04:00  INFO 1189523 --- [eblumbit] [restartedMain] o.s.boot.tomcat.TomcatWebServer          : Tomcat started on port 8090 (http) with context path '/'
2026-10-08T22:21:01.139-04:00  INFO 1189523 --- [eblumbit] [restartedMain] c.blumbit.eblumbit.EblumbitApplication   : Started EblumbitApplication in 6.206 seconds (process running for 448.755)
2026-10-08T22:21:05.803-04:00  WARN 1189523 --- [eblumbit] [restartedMain] o.s.core.events.SpringDocAppInitializer  : SpringDoc /v3/api-docs endpoint is enabled by default. To disable it in production, set the property 'springdoc.api-docs.enabled=false'
2026-10-08T22:21:05.806-04:00  WARN 1189523 --- [eblumbit] [restartedMain] o.s.core.events.SpringDocAppInitializer  : SpringDoc /swagger-ui.html endpoint is enabled by default. To disable it in production, set the property 'springdoc.swagger-ui.enabled=false'
2026-10-08T22:21:05.807-04:00  INFO 1189523 --- [eblumbit] [restartedMain] .ConditionEvaluationDeltaLoggingListener : Condition evaluation unchanged
2026-10-08T22:21:44.935-04:00  INFO 1189523 --- [eblumbit] [File Watcher] rtingClassPathChangeChangedEventListener : Restarting due to 2 class path changes (0 additions, 0 deletions, 2 modifications)
2026-10-08T22:21:44.940-04:00  INFO 1189523 --- [eblumbit] [Thread-12] o.s.boot.tomcat.GracefulShutdown         : Commencing graceful shutdown. Waiting for active requests to complete
2026-10-08T22:21:44.945-04:00  INFO 1189523 --- [eblumbit] [tomcat-shutdown] o.s.boot.tomcat.GracefulShutdown         : Graceful shutdown complete
2026-10-08T22:21:44.959-04:00  INFO 1189523 --- [eblumbit] [Thread-12] j.LocalContainerEntityManagerFactoryBean : Closing JPA EntityManagerFactory for persistence unit 'default'
2026-10-08T22:21:45.106-04:00  INFO 1189523 --- [eblumbit] [Thread-12] com.zaxxer.hikari.HikariDataSource       : HikariPool-5 - Shutdown initiated...
2026-10-08T22:21:45.144-04:00  INFO 1189523 --- [eblumbit] [Thread-12] com.zaxxer.hikari.HikariDataSource       : HikariPool-5 - Shutdown completed.
2026-10-08T22:21:45.792-04:00  INFO 1189523 --- [eblumbit] [restartedMain] c.blumbit.eblumbit.EblumbitApplication   : Starting EblumbitApplication using Java 25.0.1 with PID 1189523 (/home/david/Documents/projects/blumbit/springv6/eblumbit/target/classes started by david in /home/david/Documents/projects/blumbit/springv6/eblumbit)
2026-10-08T22:21:45.793-04:00 DEBUG 1189523 --- [eblumbit] [restartedMain] c.blumbit.eblumbit.EblumbitApplication   : Running with Spring Boot v4.1.1, Spring v7.0.9
2026-10-08T22:21:45.793-04:00  INFO 1189523 --- [eblumbit] [restartedMain] c.blumbit.eblumbit.EblumbitApplication   : No active profile set, falling back to 1 default profile: "default"
2026-10-08T22:21:47.757-04:00  INFO 1189523 --- [eblumbit] [restartedMain] .s.d.r.c.RepositoryConfigurationDelegate : Bootstrapping Spring Data JPA repositories in DEFAULT mode.
2026-10-08T22:21:47.954-04:00  INFO 1189523 --- [eblumbit] [restartedMain] .s.d.r.c.RepositoryConfigurationDelegate : Finished Spring Data repository scanning in 183 ms. Found 12 JPA repository interfaces.
2026-10-08T22:21:48.460-04:00  INFO 1189523 --- [eblumbit] [restartedMain] o.s.boot.tomcat.TomcatWebServer          : Tomcat initialized with port 8090 (http)
2026-10-08T22:21:48.463-04:00  INFO 1189523 --- [eblumbit] [restartedMain] o.apache.catalina.core.StandardService   : Starting service [Tomcat]
2026-10-08T22:21:48.463-04:00  INFO 1189523 --- [eblumbit] [restartedMain] o.apache.catalina.core.StandardEngine    : Starting Servlet engine: [Apache Tomcat/11.0.24]
2026-10-08T22:21:48.486-04:00  INFO 1189523 --- [eblumbit] [restartedMain] b.w.c.s.WebApplicationContextInitializer : Root WebApplicationContext: initialization completed in 2685 ms
2026-10-08T22:21:49.178-04:00  INFO 1189523 --- [eblumbit] [restartedMain] o.s.o.j.p.SpringPersistenceUnitInfo      : No LoadTimeWeaver setup: ignoring JPA class transformer
2026-10-08T22:21:49.184-04:00  INFO 1189523 --- [eblumbit] [restartedMain] com.zaxxer.hikari.HikariDataSource       : HikariPool-6 - Starting...
2026-10-08T22:21:49.325-04:00  INFO 1189523 --- [eblumbit] [restartedMain] com.zaxxer.hikari.pool.HikariPool        : HikariPool-6 - Added connection org.postgresql.jdbc.PgConnection@35a1ef15
2026-10-08T22:21:49.329-04:00  INFO 1189523 --- [eblumbit] [restartedMain] com.zaxxer.hikari.HikariDataSource       : HikariPool-6 - Start completed.
2026-10-08T22:21:51.296-04:00  INFO 1189523 --- [eblumbit] [restartedMain] j.LocalContainerEntityManagerFactoryBean : Initialized JPA EntityManagerFactory for persistence unit 'default'
2026-10-08T22:21:51.501-04:00 DEBUG 1189523 --- [eblumbit] [restartedMain] c.b.e.auth.JwtAuthenticationFilter       : Filter 'jwtAuthenticationFilter' configured for use
2026-10-08T22:21:51.593-04:00  INFO 1189523 --- [eblumbit] [restartedMain] eAuthenticationProviderManagerConfigurer : Global AuthenticationManager configured with AuthenticationProvider bean with name authenticationProvider
2026-10-08T22:21:51.594-04:00  WARN 1189523 --- [eblumbit] [restartedMain] r$InitializeUserDetailsManagerConfigurer : Global AuthenticationManager configured with an AuthenticationProvider bean. UserDetailsService beans will not be used by Spring Security for automatically configuring username/password login. Consider removing the AuthenticationProvider bean. Alternatively, consider using the UserDetailsService in a manually instantiated DaoAuthenticationProvider. If the current configuration is intentional, to turn off this warning, increase the logging level of 'org.springframework.security.config.annotation.authentication.configuration.InitializeUserDetailsBeanManagerConfigurer' to ERROR
2026-10-08T22:21:52.029-04:00  WARN 1189523 --- [eblumbit] [restartedMain] ConfigServletWebServerApplicationContext : Exception encountered during context initialization - cancelling refresh attempt: org.springframework.beans.factory.UnsatisfiedDependencyException: Error creating bean with name 'usuarioController' defined in file [/home/david/Documents/projects/blumbit/springv6/eblumbit/target/classes/com/blumbit/eblumbit/controllers/UsuarioController.class]: Unsatisfied dependency expressed through constructor parameter 0: Error creating bean with name 'usuarioService' defined in file [/home/david/Documents/projects/blumbit/springv6/eblumbit/target/classes/com/blumbit/eblumbit/services/UsuarioService.class]: Failed to instantiate [com.blumbit.eblumbit.services.UsuarioService]: Constructor threw exception
2026-10-08T22:21:52.033-04:00  INFO 1189523 --- [eblumbit] [restartedMain] j.LocalContainerEntityManagerFactoryBean : Closing JPA EntityManagerFactory for persistence unit 'default'
2026-10-08T22:21:52.206-04:00  INFO 1189523 --- [eblumbit] [restartedMain] com.zaxxer.hikari.HikariDataSource       : HikariPool-6 - Shutdown initiated...
2026-10-08T22:21:52.281-04:00  INFO 1189523 --- [eblumbit] [restartedMain] com.zaxxer.hikari.HikariDataSource       : HikariPool-6 - Shutdown completed.
2026-10-08T22:21:52.293-04:00  INFO 1189523 --- [eblumbit] [restartedMain] o.apache.catalina.core.StandardService   : Stopping service [Tomcat]
2026-10-08T22:21:52.357-04:00  INFO 1189523 --- [eblumbit] [restartedMain] .s.b.a.l.ConditionEvaluationReportLogger : 

Error starting ApplicationContext. To display the condition evaluation report re-run your application with 'debug' enabled.
2026-10-08T22:21:52.359-04:00 ERROR 1189523 --- [eblumbit] [restartedMain] o.s.boot.SpringApplication               : Application run failed

org.springframework.beans.factory.UnsatisfiedDependencyException: Error creating bean with name 'usuarioController' defined in file [/home/david/Documents/projects/blumbit/springv6/eblumbit/target/classes/com/blumbit/eblumbit/controllers/UsuarioController.class]: Unsatisfied dependency expressed through constructor parameter 0: Error creating bean with name 'usuarioService' defined in file [/home/david/Documents/projects/blumbit/springv6/eblumbit/target/classes/com/blumbit/eblumbit/services/UsuarioService.class]: Failed to instantiate [com.blumbit.eblumbit.services.UsuarioService]: Constructor threw exception
	at org.springframework.beans.factory.support.ConstructorResolver.createArgumentArray(ConstructorResolver.java:804) ~[spring-beans-7.0.9.jar:7.0.9]
	at org.springframework.beans.factory.support.ConstructorResolver.autowireConstructor(ConstructorResolver.java:240) ~[spring-beans-7.0.9.jar:7.0.9]
	at org.springframework.beans.factory.support.AbstractAutowireCapableBeanFactory.autowireConstructor(AbstractAutowireCapableBeanFactory.java:1380) ~[spring-beans-7.0.9.jar:7.0.9]
	at org.springframework.beans.factory.support.AbstractAutowireCapableBeanFactory.createBeanInstance(AbstractAutowireCapableBeanFactory.java:1219) ~[spring-beans-7.0.9.jar:7.0.9]
	at org.springframework.beans.factory.support.AbstractAutowireCapableBeanFactory.doCreateBean(AbstractAutowireCapableBeanFactory.java:565) ~[spring-beans-7.0.9.jar:7.0.9]
	at org.springframework.beans.factory.support.AbstractAutowireCapableBeanFactory.createBean(AbstractAutowireCapableBeanFactory.java:525) ~[spring-beans-7.0.9.jar:7.0.9]
	at org.springframework.beans.factory.support.AbstractBeanFactory.lambda$doGetBean$0(AbstractBeanFactory.java:333) ~[spring-beans-7.0.9.jar:7.0.9]
	at org.springframework.beans.factory.support.DefaultSingletonBeanRegistry.getSingleton(DefaultSingletonBeanRegistry.java:371) ~[spring-beans-7.0.9.jar:7.0.9]
	at org.springframework.beans.factory.support.AbstractBeanFactory.doGetBean(AbstractBeanFactory.java:331) ~[spring-beans-7.0.9.jar:7.0.9]
	at org.springframework.beans.factory.support.AbstractBeanFactory.getBean(AbstractBeanFactory.java:196) ~[spring-beans-7.0.9.jar:7.0.9]
	at org.springframework.beans.factory.support.DefaultListableBeanFactory.instantiateSingleton(DefaultListableBeanFactory.java:1225) ~[spring-beans-7.0.9.jar:7.0.9]
	at org.springframework.beans.factory.support.DefaultListableBeanFactory.preInstantiateSingleton(DefaultListableBeanFactory.java:1191) ~[spring-beans-7.0.9.jar:7.0.9]
	at org.springframework.beans.factory.support.DefaultListableBeanFactory.preInstantiateSingletons(DefaultListableBeanFactory.java:1121) ~[spring-beans-7.0.9.jar:7.0.9]
	at org.springframework.context.support.AbstractApplicationContext.finishBeanFactoryInitialization(AbstractApplicationContext.java:994) ~[spring-context-7.0.9.jar:7.0.9]
	at org.springframework.context.support.AbstractApplicationContext.refresh(AbstractApplicationContext.java:621) ~[spring-context-7.0.9.jar:7.0.9]
	at org.springframework.boot.web.server.servlet.context.ServletWebServerApplicationContext.refresh(ServletWebServerApplicationContext.java:143) ~[spring-boot-web-server-4.1.1.jar:4.1.1]
	at org.springframework.boot.SpringApplication.refresh(SpringApplication.java:756) ~[spring-boot-4.1.1.jar:4.1.1]
	at org.springframework.boot.SpringApplication.refreshContext(SpringApplication.java:445) ~[spring-boot-4.1.1.jar:4.1.1]
	at org.springframework.boot.SpringApplication.run(SpringApplication.java:321) ~[spring-boot-4.1.1.jar:4.1.1]
	at org.springframework.boot.SpringApplication.run(SpringApplication.java:1365) ~[spring-boot-4.1.1.jar:4.1.1]
	at org.springframework.boot.SpringApplication.run(SpringApplication.java:1354) ~[spring-boot-4.1.1.jar:4.1.1]
	at com.blumbit.eblumbit.EblumbitApplication.main(EblumbitApplication.java:10) ~[classes/:na]
	at java.base/jdk.internal.reflect.DirectMethodHandleAccessor.invoke(DirectMethodHandleAccessor.java:104) ~[na:na]
	at java.base/java.lang.reflect.Method.invoke(Method.java:565) ~[na:na]
	at org.springframework.boot.devtools.restart.RestartLauncher.run(RestartLauncher.java:52) ~[spring-boot-devtools-4.1.1.jar:4.1.1]
Caused by: org.springframework.beans.factory.BeanCreationException: Error creating bean with name 'usuarioService' defined in file [/home/david/Documents/projects/blumbit/springv6/eblumbit/target/classes/com/blumbit/eblumbit/services/UsuarioService.class]: Failed to instantiate [com.blumbit.eblumbit.services.UsuarioService]: Constructor threw exception
	at org.springframework.beans.factory.support.ConstructorResolver.instantiate(ConstructorResolver.java:321) ~[spring-beans-7.0.9.jar:7.0.9]
	at org.springframework.beans.factory.support.ConstructorResolver.autowireConstructor(ConstructorResolver.java:309) ~[spring-beans-7.0.9.jar:7.0.9]
	at org.springframework.beans.factory.support.AbstractAutowireCapableBeanFactory.autowireConstructor(AbstractAutowireCapableBeanFactory.java:1380) ~[spring-beans-7.0.9.jar:7.0.9]
	at org.springframework.beans.factory.support.AbstractAutowireCapableBeanFactory.createBeanInstance(AbstractAutowireCapableBeanFactory.java:1219) ~[spring-beans-7.0.9.jar:7.0.9]
	at org.springframework.beans.factory.support.AbstractAutowireCapableBeanFactory.doCreateBean(AbstractAutowireCapableBeanFactory.java:565) ~[spring-beans-7.0.9.jar:7.0.9]
	at org.springframework.beans.factory.support.AbstractAutowireCapableBeanFactory.createBean(AbstractAutowireCapableBeanFactory.java:525) ~[spring-beans-7.0.9.jar:7.0.9]
	at org.springframework.beans.factory.support.AbstractBeanFactory.lambda$doGetBean$0(AbstractBeanFactory.java:333) ~[spring-beans-7.0.9.jar:7.0.9]
	at org.springframework.beans.factory.support.DefaultSingletonBeanRegistry.getSingleton(DefaultSingletonBeanRegistry.java:371) ~[spring-beans-7.0.9.jar:7.0.9]
	at org.springframework.beans.factory.support.AbstractBeanFactory.doGetBean(AbstractBeanFactory.java:331) ~[spring-beans-7.0.9.jar:7.0.9]
	at org.springframework.beans.factory.support.AbstractBeanFactory.getBean(AbstractBeanFactory.java:201) ~[spring-beans-7.0.9.jar:7.0.9]
	at org.springframework.beans.factory.support.DefaultListableBeanFactory.resolveBean(DefaultListableBeanFactory.java:1232) ~[spring-beans-7.0.9.jar:7.0.9]
	at org.springframework.beans.factory.support.DefaultListableBeanFactory.doResolveDependency(DefaultListableBeanFactory.java:1711) ~[spring-beans-7.0.9.jar:7.0.9]
	at org.springframework.beans.factory.support.DefaultListableBeanFactory.resolveDependency(DefaultListableBeanFactory.java:1658) ~[spring-beans-7.0.9.jar:7.0.9]
	at org.springframework.beans.factory.support.ConstructorResolver.resolveAutowiredArgument(ConstructorResolver.java:912) ~[spring-beans-7.0.9.jar:7.0.9]
	at org.springframework.beans.factory.support.ConstructorResolver.createArgumentArray(ConstructorResolver.java:791) ~[spring-beans-7.0.9.jar:7.0.9]
	... 24 common frames omitted
Caused by: org.springframework.beans.BeanInstantiationException: Failed to instantiate [com.blumbit.eblumbit.services.UsuarioService]: Constructor threw exception
	at org.springframework.beans.BeanUtils.instantiateClass(BeanUtils.java:220) ~[spring-beans-7.0.9.jar:7.0.9]
	at org.springframework.beans.factory.support.SimpleInstantiationStrategy.instantiate(SimpleInstantiationStrategy.java:129) ~[spring-beans-7.0.9.jar:7.0.9]
	at org.springframework.beans.factory.support.ConstructorResolver.instantiate(ConstructorResolver.java:318) ~[spring-beans-7.0.9.jar:7.0.9]
	... 38 common frames omitted
Caused by: java.lang.Error: Unresolved compilation problem: 
	The blank final field paswordEncoder may not have been initialized

	at com.blumbit.eblumbit.services.UsuarioService.<init>(UsuarioService.java:24) ~[classes/:na]
	at java.base/jdk.internal.reflect.DirectConstructorHandleAccessor.newInstance(DirectConstructorHandleAccessor.java:62) ~[na:na]
	at java.base/java.lang.reflect.Constructor.newInstanceWithCaller(Constructor.java:499) ~[na:na]
	at java.base/java.lang.reflect.Constructor.newInstance(Constructor.java:483) ~[na:na]
	at org.springframework.beans.BeanUtils.instantiateClass(BeanUtils.java:207) ~[spring-beans-7.0.9.jar:7.0.9]
	... 40 common frames omitted

2026-10-08T22:21:55.032-04:00  INFO 1189523 --- [eblumbit] [restartedMain] c.blumbit.eblumbit.EblumbitApplication   : Starting EblumbitApplication using Java 25.0.1 with PID 1189523 (/home/david/Documents/projects/blumbit/springv6/eblumbit/target/classes started by david in /home/david/Documents/projects/blumbit/springv6/eblumbit)
2026-10-08T22:21:55.032-04:00 DEBUG 1189523 --- [eblumbit] [restartedMain] c.blumbit.eblumbit.EblumbitApplication   : Running with Spring Boot v4.1.1, Spring v7.0.9
2026-10-08T22:21:55.033-04:00  INFO 1189523 --- [eblumbit] [restartedMain] c.blumbit.eblumbit.EblumbitApplication   : No active profile set, falling back to 1 default profile: "default"
2026-10-08T22:21:56.108-04:00  INFO 1189523 --- [eblumbit] [restartedMain] .s.d.r.c.RepositoryConfigurationDelegate : Bootstrapping Spring Data JPA repositories in DEFAULT mode.
2026-10-08T22:21:56.273-04:00  INFO 1189523 --- [eblumbit] [restartedMain] .s.d.r.c.RepositoryConfigurationDelegate : Finished Spring Data repository scanning in 156 ms. Found 12 JPA repository interfaces.
2026-10-08T22:21:56.979-04:00  INFO 1189523 --- [eblumbit] [restartedMain] o.s.boot.tomcat.TomcatWebServer          : Tomcat initialized with port 8090 (http)
2026-10-08T22:21:56.980-04:00  INFO 1189523 --- [eblumbit] [restartedMain] o.apache.catalina.core.StandardService   : Starting service [Tomcat]
2026-10-08T22:21:56.981-04:00  INFO 1189523 --- [eblumbit] [restartedMain] o.apache.catalina.core.StandardEngine    : Starting Servlet engine: [Apache Tomcat/11.0.24]
2026-10-08T22:21:57.001-04:00  INFO 1189523 --- [eblumbit] [restartedMain] b.w.c.s.WebApplicationContextInitializer : Root WebApplicationContext: initialization completed in 1960 ms
2026-10-08T22:21:57.454-04:00  INFO 1189523 --- [eblumbit] [restartedMain] o.s.o.j.p.SpringPersistenceUnitInfo      : No LoadTimeWeaver setup: ignoring JPA class transformer
2026-10-08T22:21:57.458-04:00  INFO 1189523 --- [eblumbit] [restartedMain] com.zaxxer.hikari.HikariDataSource       : HikariPool-7 - Starting...
2026-10-08T22:21:57.590-04:00  INFO 1189523 --- [eblumbit] [restartedMain] com.zaxxer.hikari.pool.HikariPool        : HikariPool-7 - Added connection org.postgresql.jdbc.PgConnection@d27cb6b
2026-10-08T22:21:57.591-04:00  INFO 1189523 --- [eblumbit] [restartedMain] com.zaxxer.hikari.HikariDataSource       : HikariPool-7 - Start completed.
2026-10-08T22:21:58.923-04:00  INFO 1189523 --- [eblumbit] [restartedMain] j.LocalContainerEntityManagerFactoryBean : Initialized JPA EntityManagerFactory for persistence unit 'default'
2026-10-08T22:21:59.392-04:00 DEBUG 1189523 --- [eblumbit] [restartedMain] c.b.e.auth.JwtAuthenticationFilter       : Filter 'jwtAuthenticationFilter' configured for use
2026-10-08T22:21:59.528-04:00  INFO 1189523 --- [eblumbit] [restartedMain] eAuthenticationProviderManagerConfigurer : Global AuthenticationManager configured with AuthenticationProvider bean with name authenticationProvider
2026-10-08T22:21:59.531-04:00  WARN 1189523 --- [eblumbit] [restartedMain] r$InitializeUserDetailsManagerConfigurer : Global AuthenticationManager configured with an AuthenticationProvider bean. UserDetailsService beans will not be used by Spring Security for automatically configuring username/password login. Consider removing the AuthenticationProvider bean. Alternatively, consider using the UserDetailsService in a manually instantiated DaoAuthenticationProvider. If the current configuration is intentional, to turn off this warning, increase the logging level of 'org.springframework.security.config.annotation.authentication.configuration.InitializeUserDetailsBeanManagerConfigurer' to ERROR
2026-10-08T22:22:00.586-04:00  WARN 1189523 --- [eblumbit] [restartedMain] JpaBaseConfiguration$JpaWebConfiguration : spring.jpa.open-in-view is enabled by default. Therefore, database queries may be performed during view rendering. Explicitly configure spring.jpa.open-in-view to disable this warning
2026-10-08T22:22:01.465-04:00  INFO 1189523 --- [eblumbit] [restartedMain] o.s.b.a.e.web.EndpointLinksResolver      : Exposing 1 endpoint beneath base path '/actuator'
2026-10-08T22:22:02.522-04:00  INFO 1189523 --- [eblumbit] [restartedMain] o.s.boot.tomcat.TomcatWebServer          : Tomcat started on port 8090 (http) with context path '/'
2026-10-08T22:22:02.552-04:00  INFO 1189523 --- [eblumbit] [restartedMain] c.blumbit.eblumbit.EblumbitApplication   : Started EblumbitApplication in 7.654 seconds (process running for 510.168)
2026-10-08T22:22:06.866-04:00  WARN 1189523 --- [eblumbit] [restartedMain] o.s.core.events.SpringDocAppInitializer  : SpringDoc /v3/api-docs endpoint is enabled by default. To disable it in production, set the property 'springdoc.api-docs.enabled=false'
2026-10-08T22:22:06.867-04:00  WARN 1189523 --- [eblumbit] [restartedMain] o.s.core.events.SpringDocAppInitializer  : SpringDoc /swagger-ui.html endpoint is enabled by default. To disable it in production, set the property 'springdoc.swagger-ui.enabled=false'
2026-10-08T22:22:06.868-04:00  INFO 1189523 --- [eblumbit] [restartedMain] .ConditionEvaluationDeltaLoggingListener : Condition evaluation unchanged
2026-10-08T22:22:26.132-04:00  INFO 1189523 --- [eblumbit] [File Watcher] rtingClassPathChangeChangedEventListener : Restarting due to 1 class path change (0 additions, 0 deletions, 1 modification)
2026-10-08T22:22:26.136-04:00  INFO 1189523 --- [eblumbit] [Thread-20] o.s.boot.tomcat.GracefulShutdown         : Commencing graceful shutdown. Waiting for active requests to complete
2026-10-08T22:22:26.144-04:00  INFO 1189523 --- [eblumbit] [tomcat-shutdown] o.s.boot.tomcat.GracefulShutdown         : Graceful shutdown complete
2026-10-08T22:22:26.165-04:00  INFO 1189523 --- [eblumbit] [Thread-20] j.LocalContainerEntityManagerFactoryBean : Closing JPA EntityManagerFactory for persistence unit 'default'
2026-10-08T22:22:26.293-04:00  INFO 1189523 --- [eblumbit] [Thread-20] com.zaxxer.hikari.HikariDataSource       : HikariPool-7 - Shutdown initiated...
2026-10-08T22:22:26.320-04:00  INFO 1189523 --- [eblumbit] [Thread-20] com.zaxxer.hikari.HikariDataSource       : HikariPool-7 - Shutdown completed.
2026-10-08T22:22:27.344-04:00  INFO 1189523 --- [eblumbit] [restartedMain] c.blumbit.eblumbit.EblumbitApplication   : Starting EblumbitApplication using Java 25.0.1 with PID 1189523 (/home/david/Documents/projects/blumbit/springv6/eblumbit/target/classes started by david in /home/david/Documents/projects/blumbit/springv6/eblumbit)
2026-10-08T22:22:27.344-04:00 DEBUG 1189523 --- [eblumbit] [restartedMain] c.blumbit.eblumbit.EblumbitApplication   : Running with Spring Boot v4.1.1, Spring v7.0.9
2026-10-08T22:22:27.344-04:00  INFO 1189523 --- [eblumbit] [restartedMain] c.blumbit.eblumbit.EblumbitApplication   : No active profile set, falling back to 1 default profile: "default"
2026-10-08T22:22:28.393-04:00  INFO 1189523 --- [eblumbit] [restartedMain] .s.d.r.c.RepositoryConfigurationDelegate : Bootstrapping Spring Data JPA repositories in DEFAULT mode.
2026-10-08T22:22:28.455-04:00  INFO 1189523 --- [eblumbit] [restartedMain] .s.d.r.c.RepositoryConfigurationDelegate : Finished Spring Data repository scanning in 60 ms. Found 12 JPA repository interfaces.
2026-10-08T22:22:28.998-04:00  INFO 1189523 --- [eblumbit] [restartedMain] o.s.boot.tomcat.TomcatWebServer          : Tomcat initialized with port 8090 (http)
2026-10-08T22:22:29.002-04:00  INFO 1189523 --- [eblumbit] [restartedMain] o.apache.catalina.core.StandardService   : Starting service [Tomcat]
2026-10-08T22:22:29.003-04:00  INFO 1189523 --- [eblumbit] [restartedMain] o.apache.catalina.core.StandardEngine    : Starting Servlet engine: [Apache Tomcat/11.0.24]
2026-10-08T22:22:29.043-04:00  INFO 1189523 --- [eblumbit] [restartedMain] b.w.c.s.WebApplicationContextInitializer : Root WebApplicationContext: initialization completed in 1674 ms
2026-10-08T22:22:29.561-04:00  INFO 1189523 --- [eblumbit] [restartedMain] o.s.o.j.p.SpringPersistenceUnitInfo      : No LoadTimeWeaver setup: ignoring JPA class transformer
2026-10-08T22:22:29.564-04:00  INFO 1189523 --- [eblumbit] [restartedMain] com.zaxxer.hikari.HikariDataSource       : HikariPool-8 - Starting...
2026-10-08T22:22:29.678-04:00  INFO 1189523 --- [eblumbit] [restartedMain] com.zaxxer.hikari.pool.HikariPool        : HikariPool-8 - Added connection org.postgresql.jdbc.PgConnection@1d73b4f1
2026-10-08T22:22:29.679-04:00  INFO 1189523 --- [eblumbit] [restartedMain] com.zaxxer.hikari.HikariDataSource       : HikariPool-8 - Start completed.
2026-10-08T22:22:30.968-04:00  INFO 1189523 --- [eblumbit] [restartedMain] j.LocalContainerEntityManagerFactoryBean : Initialized JPA EntityManagerFactory for persistence unit 'default'
2026-10-08T22:22:31.583-04:00 DEBUG 1189523 --- [eblumbit] [restartedMain] c.b.e.auth.JwtAuthenticationFilter       : Filter 'jwtAuthenticationFilter' configured for use
2026-10-08T22:22:31.808-04:00  INFO 1189523 --- [eblumbit] [restartedMain] eAuthenticationProviderManagerConfigurer : Global AuthenticationManager configured with AuthenticationProvider bean with name authenticationProvider
2026-10-08T22:22:31.810-04:00  WARN 1189523 --- [eblumbit] [restartedMain] r$InitializeUserDetailsManagerConfigurer : Global AuthenticationManager configured with an AuthenticationProvider bean. UserDetailsService beans will not be used by Spring Security for automatically configuring username/password login. Consider removing the AuthenticationProvider bean. Alternatively, consider using the UserDetailsService in a manually instantiated DaoAuthenticationProvider. If the current configuration is intentional, to turn off this warning, increase the logging level of 'org.springframework.security.config.annotation.authentication.configuration.InitializeUserDetailsBeanManagerConfigurer' to ERROR
2026-10-08T22:22:33.844-04:00  WARN 1189523 --- [eblumbit] [restartedMain] JpaBaseConfiguration$JpaWebConfiguration : spring.jpa.open-in-view is enabled by default. Therefore, database queries may be performed during view rendering. Explicitly configure spring.jpa.open-in-view to disable this warning
2026-10-08T22:22:35.391-04:00  INFO 1189523 --- [eblumbit] [restartedMain] o.s.b.a.e.web.EndpointLinksResolver      : Exposing 1 endpoint beneath base path '/actuator'
2026-10-08T22:22:36.385-04:00  INFO 1189523 --- [eblumbit] [restartedMain] o.s.boot.tomcat.TomcatWebServer          : Tomcat started on port 8090 (http) with context path '/'
2026-10-08T22:22:36.405-04:00  INFO 1189523 --- [eblumbit] [restartedMain] c.blumbit.eblumbit.EblumbitApplication   : Started EblumbitApplication in 9.342 seconds (process running for 544.021)
2026-10-08T22:22:37.416-04:00  INFO 1189523 --- [eblumbit] [File Watcher] rtingClassPathChangeChangedEventListener : Restarting due to 1 class path change (0 additions, 0 deletions, 1 modification)
2026-10-08T22:22:37.421-04:00  INFO 1189523 --- [eblumbit] [Thread-27] o.s.boot.tomcat.GracefulShutdown         : Commencing graceful shutdown. Waiting for active requests to complete
2026-10-08T22:22:37.426-04:00  INFO 1189523 --- [eblumbit] [tomcat-shutdown] o.s.boot.tomcat.GracefulShutdown         : Graceful shutdown complete
2026-10-08T22:22:37.444-04:00  INFO 1189523 --- [eblumbit] [Thread-27] j.LocalContainerEntityManagerFactoryBean : Closing JPA EntityManagerFactory for persistence unit 'default'
2026-10-08T22:22:43.546-04:00  INFO 1189523 --- [eblumbit] [Thread-27] com.zaxxer.hikari.HikariDataSource       : HikariPool-8 - Shutdown initiated...
2026-10-08T22:22:43.595-04:00  INFO 1189523 --- [eblumbit] [Thread-27] com.zaxxer.hikari.HikariDataSource       : HikariPool-8 - Shutdown completed.
2026-10-08T22:22:44.238-04:00  INFO 1189523 --- [eblumbit] [restartedMain] c.blumbit.eblumbit.EblumbitApplication   : Starting EblumbitApplication using Java 25.0.1 with PID 1189523 (/home/david/Documents/projects/blumbit/springv6/eblumbit/target/classes started by david in /home/david/Documents/projects/blumbit/springv6/eblumbit)
2026-10-08T22:22:44.239-04:00 DEBUG 1189523 --- [eblumbit] [restartedMain] c.blumbit.eblumbit.EblumbitApplication   : Running with Spring Boot v4.1.1, Spring v7.0.9
2026-10-08T22:22:44.239-04:00  INFO 1189523 --- [eblumbit] [restartedMain] c.blumbit.eblumbit.EblumbitApplication   : No active profile set, falling back to 1 default profile: "default"
2026-10-08T22:22:45.142-04:00  INFO 1189523 --- [eblumbit] [restartedMain] .s.d.r.c.RepositoryConfigurationDelegate : Bootstrapping Spring Data JPA repositories in DEFAULT mode.
2026-10-08T22:22:45.203-04:00  INFO 1189523 --- [eblumbit] [restartedMain] .s.d.r.c.RepositoryConfigurationDelegate : Finished Spring Data repository scanning in 55 ms. Found 12 JPA repository interfaces.
2026-10-08T22:22:45.812-04:00  INFO 1189523 --- [eblumbit] [restartedMain] o.s.boot.tomcat.TomcatWebServer          : Tomcat initialized with port 8090 (http)
2026-10-08T22:22:45.814-04:00  INFO 1189523 --- [eblumbit] [restartedMain] o.apache.catalina.core.StandardService   : Starting service [Tomcat]
2026-10-08T22:22:45.814-04:00  INFO 1189523 --- [eblumbit] [restartedMain] o.apache.catalina.core.StandardEngine    : Starting Servlet engine: [Apache Tomcat/11.0.24]
2026-10-08T22:22:45.829-04:00  INFO 1189523 --- [eblumbit] [restartedMain] b.w.c.s.WebApplicationContextInitializer : Root WebApplicationContext: initialization completed in 1579 ms
2026-10-08T22:22:46.353-04:00  INFO 1189523 --- [eblumbit] [restartedMain] o.s.o.j.p.SpringPersistenceUnitInfo      : No LoadTimeWeaver setup: ignoring JPA class transformer
2026-10-08T22:22:46.356-04:00  INFO 1189523 --- [eblumbit] [restartedMain] com.zaxxer.hikari.HikariDataSource       : HikariPool-9 - Starting...
2026-10-08T22:22:46.462-04:00  INFO 1189523 --- [eblumbit] [restartedMain] com.zaxxer.hikari.pool.HikariPool        : HikariPool-9 - Added connection org.postgresql.jdbc.PgConnection@326106da
2026-10-08T22:22:46.464-04:00  INFO 1189523 --- [eblumbit] [restartedMain] com.zaxxer.hikari.HikariDataSource       : HikariPool-9 - Start completed.
2026-10-08T22:22:47.836-04:00  INFO 1189523 --- [eblumbit] [restartedMain] j.LocalContainerEntityManagerFactoryBean : Initialized JPA EntityManagerFactory for persistence unit 'default'
2026-10-08T22:22:48.368-04:00 DEBUG 1189523 --- [eblumbit] [restartedMain] c.b.e.auth.JwtAuthenticationFilter       : Filter 'jwtAuthenticationFilter' configured for use
2026-10-08T22:22:48.781-04:00  INFO 1189523 --- [eblumbit] [restartedMain] eAuthenticationProviderManagerConfigurer : Global AuthenticationManager configured with AuthenticationProvider bean with name authenticationProvider
2026-10-08T22:22:48.783-04:00  WARN 1189523 --- [eblumbit] [restartedMain] r$InitializeUserDetailsManagerConfigurer : Global AuthenticationManager configured with an AuthenticationProvider bean. UserDetailsService beans will not be used by Spring Security for automatically configuring username/password login. Consider removing the AuthenticationProvider bean. Alternatively, consider using the UserDetailsService in a manually instantiated DaoAuthenticationProvider. If the current configuration is intentional, to turn off this warning, increase the logging level of 'org.springframework.security.config.annotation.authentication.configuration.InitializeUserDetailsBeanManagerConfigurer' to ERROR
2026-10-08T22:22:49.920-04:00  WARN 1189523 --- [eblumbit] [restartedMain] JpaBaseConfiguration$JpaWebConfiguration : spring.jpa.open-in-view is enabled by default. Therefore, database queries may be performed during view rendering. Explicitly configure spring.jpa.open-in-view to disable this warning
2026-10-08T22:22:50.555-04:00  INFO 1189523 --- [eblumbit] [restartedMain] o.s.b.a.e.web.EndpointLinksResolver      : Exposing 1 endpoint beneath base path '/actuator'
2026-10-08T22:22:51.099-04:00  INFO 1189523 --- [eblumbit] [restartedMain] o.s.boot.tomcat.TomcatWebServer          : Tomcat started on port 8090 (http) with context path '/'
2026-10-08T22:22:51.106-04:00  INFO 1189523 --- [eblumbit] [restartedMain] c.blumbit.eblumbit.EblumbitApplication   : Started EblumbitApplication in 6.95 seconds (process running for 558.722)
2026-10-08T22:22:56.720-04:00  WARN 1189523 --- [eblumbit] [restartedMain] o.s.core.events.SpringDocAppInitializer  : SpringDoc /v3/api-docs endpoint is enabled by default. To disable it in production, set the property 'springdoc.api-docs.enabled=false'
2026-10-08T22:22:56.721-04:00  WARN 1189523 --- [eblumbit] [restartedMain] o.s.core.events.SpringDocAppInitializer  : SpringDoc /swagger-ui.html endpoint is enabled by default. To disable it in production, set the property 'springdoc.swagger-ui.enabled=false'
2026-10-08T22:22:56.723-04:00  INFO 1189523 --- [eblumbit] [restartedMain] .ConditionEvaluationDeltaLoggingListener : Condition evaluation unchanged
2026-10-08T22:22:58.505-04:00  INFO 1189523 --- [eblumbit] [File Watcher] rtingClassPathChangeChangedEventListener : Restarting due to 1 class path change (0 additions, 0 deletions, 1 modification)
2026-10-08T22:22:58.510-04:00  INFO 1189523 --- [eblumbit] [Thread-31] o.s.boot.tomcat.GracefulShutdown         : Commencing graceful shutdown. Waiting for active requests to complete
2026-10-08T22:22:58.514-04:00  INFO 1189523 --- [eblumbit] [tomcat-shutdown] o.s.boot.tomcat.GracefulShutdown         : Graceful shutdown complete
2026-10-08T22:22:58.540-04:00  INFO 1189523 --- [eblumbit] [Thread-31] j.LocalContainerEntityManagerFactoryBean : Closing JPA EntityManagerFactory for persistence unit 'default'
2026-10-08T22:22:58.677-04:00  INFO 1189523 --- [eblumbit] [Thread-31] com.zaxxer.hikari.HikariDataSource       : HikariPool-9 - Shutdown initiated...
2026-10-08T22:22:58.710-04:00  INFO 1189523 --- [eblumbit] [Thread-31] com.zaxxer.hikari.HikariDataSource       : HikariPool-9 - Shutdown completed.
2026-10-08T22:22:59.444-04:00  INFO 1189523 --- [eblumbit] [restartedMain] c.blumbit.eblumbit.EblumbitApplication   : Starting EblumbitApplication using Java 25.0.1 with PID 1189523 (/home/david/Documents/projects/blumbit/springv6/eblumbit/target/classes started by david in /home/david/Documents/projects/blumbit/springv6/eblumbit)
2026-10-08T22:22:59.446-04:00 DEBUG 1189523 --- [eblumbit] [restartedMain] c.blumbit.eblumbit.EblumbitApplication   : Running with Spring Boot v4.1.1, Spring v7.0.9
2026-10-08T22:22:59.446-04:00  INFO 1189523 --- [eblumbit] [restartedMain] c.blumbit.eblumbit.EblumbitApplication   : No active profile set, falling back to 1 default profile: "default"
2026-10-08T22:23:00.182-04:00  INFO 1189523 --- [eblumbit] [restartedMain] .s.d.r.c.RepositoryConfigurationDelegate : Bootstrapping Spring Data JPA repositories in DEFAULT mode.
2026-10-08T22:23:00.245-04:00  INFO 1189523 --- [eblumbit] [restartedMain] .s.d.r.c.RepositoryConfigurationDelegate : Finished Spring Data repository scanning in 61 ms. Found 12 JPA repository interfaces.
2026-10-08T22:23:00.725-04:00  INFO 1189523 --- [eblumbit] [restartedMain] o.s.boot.tomcat.TomcatWebServer          : Tomcat initialized with port 8090 (http)
2026-10-08T22:23:00.726-04:00  INFO 1189523 --- [eblumbit] [restartedMain] o.apache.catalina.core.StandardService   : Starting service [Tomcat]
2026-10-08T22:23:00.728-04:00  INFO 1189523 --- [eblumbit] [restartedMain] o.apache.catalina.core.StandardEngine    : Starting Servlet engine: [Apache Tomcat/11.0.24]
2026-10-08T22:23:00.743-04:00  INFO 1189523 --- [eblumbit] [restartedMain] b.w.c.s.WebApplicationContextInitializer : Root WebApplicationContext: initialization completed in 1290 ms
2026-10-08T22:23:01.069-04:00  INFO 1189523 --- [eblumbit] [restartedMain] o.s.o.j.p.SpringPersistenceUnitInfo      : No LoadTimeWeaver setup: ignoring JPA class transformer
2026-10-08T22:23:01.071-04:00  INFO 1189523 --- [eblumbit] [restartedMain] com.zaxxer.hikari.HikariDataSource       : HikariPool-10 - Starting...
2026-10-08T22:23:01.173-04:00  INFO 1189523 --- [eblumbit] [restartedMain] com.zaxxer.hikari.pool.HikariPool        : HikariPool-10 - Added connection org.postgresql.jdbc.PgConnection@a3ffe01
2026-10-08T22:23:01.174-04:00  INFO 1189523 --- [eblumbit] [restartedMain] com.zaxxer.hikari.HikariDataSource       : HikariPool-10 - Start completed.
2026-10-08T22:23:02.144-04:00  INFO 1189523 --- [eblumbit] [restartedMain] j.LocalContainerEntityManagerFactoryBean : Initialized JPA EntityManagerFactory for persistence unit 'default'
2026-10-08T22:23:02.968-04:00 DEBUG 1189523 --- [eblumbit] [restartedMain] c.b.e.auth.JwtAuthenticationFilter       : Filter 'jwtAuthenticationFilter' configured for use
2026-10-08T22:23:03.121-04:00  INFO 1189523 --- [eblumbit] [restartedMain] eAuthenticationProviderManagerConfigurer : Global AuthenticationManager configured with AuthenticationProvider bean with name authenticationProvider
2026-10-08T22:23:03.122-04:00  WARN 1189523 --- [eblumbit] [restartedMain] r$InitializeUserDetailsManagerConfigurer : Global AuthenticationManager configured with an AuthenticationProvider bean. UserDetailsService beans will not be used by Spring Security for automatically configuring username/password login. Consider removing the AuthenticationProvider bean. Alternatively, consider using the UserDetailsService in a manually instantiated DaoAuthenticationProvider. If the current configuration is intentional, to turn off this warning, increase the logging level of 'org.springframework.security.config.annotation.authentication.configuration.InitializeUserDetailsBeanManagerConfigurer' to ERROR
2026-10-08T22:23:04.127-04:00  WARN 1189523 --- [eblumbit] [restartedMain] JpaBaseConfiguration$JpaWebConfiguration : spring.jpa.open-in-view is enabled by default. Therefore, database queries may be performed during view rendering. Explicitly configure spring.jpa.open-in-view to disable this warning
2026-10-08T22:23:04.830-04:00  INFO 1189523 --- [eblumbit] [restartedMain] o.s.b.a.e.web.EndpointLinksResolver      : Exposing 1 endpoint beneath base path '/actuator'
2026-10-08T22:23:05.409-04:00  INFO 1189523 --- [eblumbit] [restartedMain] o.s.boot.tomcat.TomcatWebServer          : Tomcat started on port 8090 (http) with context path '/'
2026-10-08T22:23:05.434-04:00  INFO 1189523 --- [eblumbit] [restartedMain] c.blumbit.eblumbit.EblumbitApplication   : Started EblumbitApplication in 6.086 seconds (process running for 573.05)
2026-10-08T22:23:09.934-04:00  WARN 1189523 --- [eblumbit] [restartedMain] o.s.core.events.SpringDocAppInitializer  : SpringDoc /v3/api-docs endpoint is enabled by default. To disable it in production, set the property 'springdoc.api-docs.enabled=false'
2026-10-08T22:23:09.934-04:00  WARN 1189523 --- [eblumbit] [restartedMain] o.s.core.events.SpringDocAppInitializer  : SpringDoc /swagger-ui.html endpoint is enabled by default. To disable it in production, set the property 'springdoc.swagger-ui.enabled=false'
2026-10-08T22:23:09.936-04:00  INFO 1189523 --- [eblumbit] [restartedMain] .ConditionEvaluationDeltaLoggingListener : Condition evaluation unchanged
2026-10-08T22:24:10.381-04:00  INFO 1189523 --- [eblumbit] [File Watcher] rtingClassPathChangeChangedEventListener : Restarting due to 1 class path change (0 additions, 0 deletions, 1 modification)
2026-10-08T22:24:10.389-04:00  INFO 1189523 --- [eblumbit] [Thread-35] o.s.boot.tomcat.GracefulShutdown         : Commencing graceful shutdown. Waiting for active requests to complete
2026-10-08T22:24:10.399-04:00  INFO 1189523 --- [eblumbit] [tomcat-shutdown] o.s.boot.tomcat.GracefulShutdown         : Graceful shutdown complete
2026-10-08T22:24:10.426-04:00  INFO 1189523 --- [eblumbit] [Thread-35] j.LocalContainerEntityManagerFactoryBean : Closing JPA EntityManagerFactory for persistence unit 'default'
2026-10-08T22:24:10.569-04:00  INFO 1189523 --- [eblumbit] [Thread-35] com.zaxxer.hikari.HikariDataSource       : HikariPool-10 - Shutdown initiated...
2026-10-08T22:24:10.615-04:00  INFO 1189523 --- [eblumbit] [Thread-35] com.zaxxer.hikari.HikariDataSource       : HikariPool-10 - Shutdown completed.
2026-10-08T22:24:11.195-04:00  INFO 1189523 --- [eblumbit] [restartedMain] c.blumbit.eblumbit.EblumbitApplication   : Starting EblumbitApplication using Java 25.0.1 with PID 1189523 (/home/david/Documents/projects/blumbit/springv6/eblumbit/target/classes started by david in /home/david/Documents/projects/blumbit/springv6/eblumbit)
2026-10-08T22:24:11.198-04:00 DEBUG 1189523 --- [eblumbit] [restartedMain] c.blumbit.eblumbit.EblumbitApplication   : Running with Spring Boot v4.1.1, Spring v7.0.9
2026-10-08T22:24:11.199-04:00  INFO 1189523 --- [eblumbit] [restartedMain] c.blumbit.eblumbit.EblumbitApplication   : No active profile set, falling back to 1 default profile: "default"
2026-10-08T22:24:12.762-04:00  INFO 1189523 --- [eblumbit] [restartedMain] .s.d.r.c.RepositoryConfigurationDelegate : Bootstrapping Spring Data JPA repositories in DEFAULT mode.
2026-10-08T22:24:12.832-04:00  INFO 1189523 --- [eblumbit] [restartedMain] .s.d.r.c.RepositoryConfigurationDelegate : Finished Spring Data repository scanning in 66 ms. Found 12 JPA repository interfaces.
2026-10-08T22:24:13.666-04:00  INFO 1189523 --- [eblumbit] [restartedMain] o.s.boot.tomcat.TomcatWebServer          : Tomcat initialized with port 8090 (http)
2026-10-08T22:24:13.668-04:00  INFO 1189523 --- [eblumbit] [restartedMain] o.apache.catalina.core.StandardService   : Starting service [Tomcat]
2026-10-08T22:24:13.675-04:00  INFO 1189523 --- [eblumbit] [restartedMain] o.apache.catalina.core.StandardEngine    : Starting Servlet engine: [Apache Tomcat/11.0.24]
2026-10-08T22:24:13.713-04:00  INFO 1189523 --- [eblumbit] [restartedMain] b.w.c.s.WebApplicationContextInitializer : Root WebApplicationContext: initialization completed in 2505 ms
2026-10-08T22:24:14.349-04:00  INFO 1189523 --- [eblumbit] [restartedMain] o.s.o.j.p.SpringPersistenceUnitInfo      : No LoadTimeWeaver setup: ignoring JPA class transformer
2026-10-08T22:24:14.351-04:00  INFO 1189523 --- [eblumbit] [restartedMain] com.zaxxer.hikari.HikariDataSource       : HikariPool-11 - Starting...
2026-10-08T22:24:14.420-04:00  INFO 1189523 --- [eblumbit] [restartedMain] com.zaxxer.hikari.pool.HikariPool        : HikariPool-11 - Added connection org.postgresql.jdbc.PgConnection@1f3ac1b2
2026-10-08T22:24:14.420-04:00  INFO 1189523 --- [eblumbit] [restartedMain] com.zaxxer.hikari.HikariDataSource       : HikariPool-11 - Start completed.
2026-10-08T22:24:15.999-04:00  INFO 1189523 --- [eblumbit] [restartedMain] j.LocalContainerEntityManagerFactoryBean : Initialized JPA EntityManagerFactory for persistence unit 'default'
2026-10-08T22:24:16.308-04:00 DEBUG 1189523 --- [eblumbit] [restartedMain] c.b.e.auth.JwtAuthenticationFilter       : Filter 'jwtAuthenticationFilter' configured for use
2026-10-08T22:24:16.387-04:00  INFO 1189523 --- [eblumbit] [restartedMain] eAuthenticationProviderManagerConfigurer : Global AuthenticationManager configured with AuthenticationProvider bean with name authenticationProvider
2026-10-08T22:24:16.388-04:00  WARN 1189523 --- [eblumbit] [restartedMain] r$InitializeUserDetailsManagerConfigurer : Global AuthenticationManager configured with an AuthenticationProvider bean. UserDetailsService beans will not be used by Spring Security for automatically configuring username/password login. Consider removing the AuthenticationProvider bean. Alternatively, consider using the UserDetailsService in a manually instantiated DaoAuthenticationProvider. If the current configuration is intentional, to turn off this warning, increase the logging level of 'org.springframework.security.config.annotation.authentication.configuration.InitializeUserDetailsBeanManagerConfigurer' to ERROR
2026-10-08T22:24:18.689-04:00  WARN 1189523 --- [eblumbit] [restartedMain] JpaBaseConfiguration$JpaWebConfiguration : spring.jpa.open-in-view is enabled by default. Therefore, database queries may be performed during view rendering. Explicitly configure spring.jpa.open-in-view to disable this warning
2026-10-08T22:24:19.972-04:00  INFO 1189523 --- [eblumbit] [restartedMain] o.s.b.a.e.web.EndpointLinksResolver      : Exposing 1 endpoint beneath base path '/actuator'
2026-10-08T22:24:20.727-04:00  INFO 1189523 --- [eblumbit] [restartedMain] o.s.boot.tomcat.TomcatWebServer          : Tomcat started on port 8090 (http) with context path '/'
2026-10-08T22:24:20.736-04:00  INFO 1189523 --- [eblumbit] [restartedMain] c.blumbit.eblumbit.EblumbitApplication   : Started EblumbitApplication in 9.637 seconds (process running for 648.352)
2026-10-08T22:24:21.977-04:00  INFO 1189523 --- [eblumbit] [File Watcher] rtingClassPathChangeChangedEventListener : Restarting due to 1 class path change (0 additions, 0 deletions, 1 modification)
2026-10-08T22:24:21.986-04:00  INFO 1189523 --- [eblumbit] [Thread-39] o.s.boot.tomcat.GracefulShutdown         : Commencing graceful shutdown. Waiting for active requests to complete
2026-10-08T22:24:21.993-04:00  INFO 1189523 --- [eblumbit] [tomcat-shutdown] o.s.boot.tomcat.GracefulShutdown         : Graceful shutdown complete
2026-10-08T22:24:22.023-04:00  INFO 1189523 --- [eblumbit] [Thread-39] j.LocalContainerEntityManagerFactoryBean : Closing JPA EntityManagerFactory for persistence unit 'default'
2026-10-08T22:24:25.873-04:00  INFO 1189523 --- [eblumbit] [Thread-39] com.zaxxer.hikari.HikariDataSource       : HikariPool-11 - Shutdown initiated...
2026-10-08T22:24:25.911-04:00  INFO 1189523 --- [eblumbit] [Thread-39] com.zaxxer.hikari.HikariDataSource       : HikariPool-11 - Shutdown completed.
2026-10-08T22:24:26.926-04:00  INFO 1189523 --- [eblumbit] [restartedMain] c.blumbit.eblumbit.EblumbitApplication   : Starting EblumbitApplication using Java 25.0.1 with PID 1189523 (/home/david/Documents/projects/blumbit/springv6/eblumbit/target/classes started by david in /home/david/Documents/projects/blumbit/springv6/eblumbit)
2026-10-08T22:24:26.938-04:00 DEBUG 1189523 --- [eblumbit] [restartedMain] c.blumbit.eblumbit.EblumbitApplication   : Running with Spring Boot v4.1.1, Spring v7.0.9
2026-10-08T22:24:26.938-04:00  INFO 1189523 --- [eblumbit] [restartedMain] c.blumbit.eblumbit.EblumbitApplication   : No active profile set, falling back to 1 default profile: "default"
2026-10-08T22:24:27.686-04:00  INFO 1189523 --- [eblumbit] [restartedMain] .s.d.r.c.RepositoryConfigurationDelegate : Bootstrapping Spring Data JPA repositories in DEFAULT mode.
2026-10-08T22:24:27.754-04:00  INFO 1189523 --- [eblumbit] [restartedMain] .s.d.r.c.RepositoryConfigurationDelegate : Finished Spring Data repository scanning in 64 ms. Found 12 JPA repository interfaces.
2026-10-08T22:24:28.234-04:00  INFO 1189523 --- [eblumbit] [restartedMain] o.s.boot.tomcat.TomcatWebServer          : Tomcat initialized with port 8090 (http)
2026-10-08T22:24:28.236-04:00  INFO 1189523 --- [eblumbit] [restartedMain] o.apache.catalina.core.StandardService   : Starting service [Tomcat]
2026-10-08T22:24:28.237-04:00  INFO 1189523 --- [eblumbit] [restartedMain] o.apache.catalina.core.StandardEngine    : Starting Servlet engine: [Apache Tomcat/11.0.24]
2026-10-08T22:24:28.254-04:00  INFO 1189523 --- [eblumbit] [restartedMain] b.w.c.s.WebApplicationContextInitializer : Root WebApplicationContext: initialization completed in 1298 ms
2026-10-08T22:24:29.138-04:00  INFO 1189523 --- [eblumbit] [restartedMain] o.s.o.j.p.SpringPersistenceUnitInfo      : No LoadTimeWeaver setup: ignoring JPA class transformer
2026-10-08T22:24:29.142-04:00  INFO 1189523 --- [eblumbit] [restartedMain] com.zaxxer.hikari.HikariDataSource       : HikariPool-12 - Starting...
2026-10-08T22:24:29.240-04:00  INFO 1189523 --- [eblumbit] [restartedMain] com.zaxxer.hikari.pool.HikariPool        : HikariPool-12 - Added connection org.postgresql.jdbc.PgConnection@2e35a11
2026-10-08T22:24:29.241-04:00  INFO 1189523 --- [eblumbit] [restartedMain] com.zaxxer.hikari.HikariDataSource       : HikariPool-12 - Start completed.
2026-10-08T22:24:30.611-04:00  INFO 1189523 --- [eblumbit] [restartedMain] j.LocalContainerEntityManagerFactoryBean : Initialized JPA EntityManagerFactory for persistence unit 'default'
2026-10-08T22:24:32.117-04:00 DEBUG 1189523 --- [eblumbit] [restartedMain] c.b.e.auth.JwtAuthenticationFilter       : Filter 'jwtAuthenticationFilter' configured for use
2026-10-08T22:24:32.368-04:00  INFO 1189523 --- [eblumbit] [restartedMain] eAuthenticationProviderManagerConfigurer : Global AuthenticationManager configured with AuthenticationProvider bean with name authenticationProvider
2026-10-08T22:24:32.378-04:00  WARN 1189523 --- [eblumbit] [restartedMain] r$InitializeUserDetailsManagerConfigurer : Global AuthenticationManager configured with an AuthenticationProvider bean. UserDetailsService beans will not be used by Spring Security for automatically configuring username/password login. Consider removing the AuthenticationProvider bean. Alternatively, consider using the UserDetailsService in a manually instantiated DaoAuthenticationProvider. If the current configuration is intentional, to turn off this warning, increase the logging level of 'org.springframework.security.config.annotation.authentication.configuration.InitializeUserDetailsBeanManagerConfigurer' to ERROR
2026-10-08T22:24:33.121-04:00  WARN 1189523 --- [eblumbit] [restartedMain] ConfigServletWebServerApplicationContext : Exception encountered during context initialization - cancelling refresh attempt: org.springframework.beans.factory.UnsatisfiedDependencyException: Error creating bean with name 'usuarioController' defined in file [/home/david/Documents/projects/blumbit/springv6/eblumbit/target/classes/com/blumbit/eblumbit/controllers/UsuarioController.class]: Unsatisfied dependency expressed through constructor parameter 0: Error creating bean with name 'usuarioService' defined in file [/home/david/Documents/projects/blumbit/springv6/eblumbit/target/classes/com/blumbit/eblumbit/services/UsuarioService.class]: Failed to instantiate [com.blumbit.eblumbit.services.UsuarioService]: Constructor threw exception
2026-10-08T22:24:33.123-04:00  INFO 1189523 --- [eblumbit] [restartedMain] j.LocalContainerEntityManagerFactoryBean : Closing JPA EntityManagerFactory for persistence unit 'default'
2026-10-08T22:24:33.267-04:00  INFO 1189523 --- [eblumbit] [restartedMain] com.zaxxer.hikari.HikariDataSource       : HikariPool-12 - Shutdown initiated...
2026-10-08T22:24:33.299-04:00  INFO 1189523 --- [eblumbit] [restartedMain] com.zaxxer.hikari.HikariDataSource       : HikariPool-12 - Shutdown completed.
2026-10-08T22:24:33.299-04:00  INFO 1189523 --- [eblumbit] [restartedMain] o.apache.catalina.core.StandardService   : Stopping service [Tomcat]
2026-10-08T22:24:33.318-04:00  INFO 1189523 --- [eblumbit] [restartedMain] .s.b.a.l.ConditionEvaluationReportLogger : 

Error starting ApplicationContext. To display the condition evaluation report re-run your application with 'debug' enabled.
2026-10-08T22:24:33.339-04:00 ERROR 1189523 --- [eblumbit] [restartedMain] o.s.boot.SpringApplication               : Application run failed

org.springframework.beans.factory.UnsatisfiedDependencyException: Error creating bean with name 'usuarioController' defined in file [/home/david/Documents/projects/blumbit/springv6/eblumbit/target/classes/com/blumbit/eblumbit/controllers/UsuarioController.class]: Unsatisfied dependency expressed through constructor parameter 0: Error creating bean with name 'usuarioService' defined in file [/home/david/Documents/projects/blumbit/springv6/eblumbit/target/classes/com/blumbit/eblumbit/services/UsuarioService.class]: Failed to instantiate [com.blumbit.eblumbit.services.UsuarioService]: Constructor threw exception
	at org.springframework.beans.factory.support.ConstructorResolver.createArgumentArray(ConstructorResolver.java:804) ~[spring-beans-7.0.9.jar:7.0.9]
	at org.springframework.beans.factory.support.ConstructorResolver.autowireConstructor(ConstructorResolver.java:240) ~[spring-beans-7.0.9.jar:7.0.9]
	at org.springframework.beans.factory.support.AbstractAutowireCapableBeanFactory.autowireConstructor(AbstractAutowireCapableBeanFactory.java:1380) ~[spring-beans-7.0.9.jar:7.0.9]
	at org.springframework.beans.factory.support.AbstractAutowireCapableBeanFactory.createBeanInstance(AbstractAutowireCapableBeanFactory.java:1219) ~[spring-beans-7.0.9.jar:7.0.9]
	at org.springframework.beans.factory.support.AbstractAutowireCapableBeanFactory.doCreateBean(AbstractAutowireCapableBeanFactory.java:565) ~[spring-beans-7.0.9.jar:7.0.9]
	at org.springframework.beans.factory.support.AbstractAutowireCapableBeanFactory.createBean(AbstractAutowireCapableBeanFactory.java:525) ~[spring-beans-7.0.9.jar:7.0.9]
	at org.springframework.beans.factory.support.AbstractBeanFactory.lambda$doGetBean$0(AbstractBeanFactory.java:333) ~[spring-beans-7.0.9.jar:7.0.9]
	at org.springframework.beans.factory.support.DefaultSingletonBeanRegistry.getSingleton(DefaultSingletonBeanRegistry.java:371) ~[spring-beans-7.0.9.jar:7.0.9]
	at org.springframework.beans.factory.support.AbstractBeanFactory.doGetBean(AbstractBeanFactory.java:331) ~[spring-beans-7.0.9.jar:7.0.9]
	at org.springframework.beans.factory.support.AbstractBeanFactory.getBean(AbstractBeanFactory.java:196) ~[spring-beans-7.0.9.jar:7.0.9]
	at org.springframework.beans.factory.support.DefaultListableBeanFactory.instantiateSingleton(DefaultListableBeanFactory.java:1225) ~[spring-beans-7.0.9.jar:7.0.9]
	at org.springframework.beans.factory.support.DefaultListableBeanFactory.preInstantiateSingleton(DefaultListableBeanFactory.java:1191) ~[spring-beans-7.0.9.jar:7.0.9]
	at org.springframework.beans.factory.support.DefaultListableBeanFactory.preInstantiateSingletons(DefaultListableBeanFactory.java:1121) ~[spring-beans-7.0.9.jar:7.0.9]
	at org.springframework.context.support.AbstractApplicationContext.finishBeanFactoryInitialization(AbstractApplicationContext.java:994) ~[spring-context-7.0.9.jar:7.0.9]
	at org.springframework.context.support.AbstractApplicationContext.refresh(AbstractApplicationContext.java:621) ~[spring-context-7.0.9.jar:7.0.9]
	at org.springframework.boot.web.server.servlet.context.ServletWebServerApplicationContext.refresh(ServletWebServerApplicationContext.java:143) ~[spring-boot-web-server-4.1.1.jar:4.1.1]
	at org.springframework.boot.SpringApplication.refresh(SpringApplication.java:756) ~[spring-boot-4.1.1.jar:4.1.1]
	at org.springframework.boot.SpringApplication.refreshContext(SpringApplication.java:445) ~[spring-boot-4.1.1.jar:4.1.1]
	at org.springframework.boot.SpringApplication.run(SpringApplication.java:321) ~[spring-boot-4.1.1.jar:4.1.1]
	at org.springframework.boot.SpringApplication.run(SpringApplication.java:1365) ~[spring-boot-4.1.1.jar:4.1.1]
	at org.springframework.boot.SpringApplication.run(SpringApplication.java:1354) ~[spring-boot-4.1.1.jar:4.1.1]
	at com.blumbit.eblumbit.EblumbitApplication.main(EblumbitApplication.java:10) ~[classes/:na]
	at java.base/jdk.internal.reflect.DirectMethodHandleAccessor.invoke(DirectMethodHandleAccessor.java:104) ~[na:na]
	at java.base/java.lang.reflect.Method.invoke(Method.java:565) ~[na:na]
	at org.springframework.boot.devtools.restart.RestartLauncher.run(RestartLauncher.java:52) ~[spring-boot-devtools-4.1.1.jar:4.1.1]
Caused by: org.springframework.beans.factory.BeanCreationException: Error creating bean with name 'usuarioService' defined in file [/home/david/Documents/projects/blumbit/springv6/eblumbit/target/classes/com/blumbit/eblumbit/services/UsuarioService.class]: Failed to instantiate [com.blumbit.eblumbit.services.UsuarioService]: Constructor threw exception
	at org.springframework.beans.factory.support.ConstructorResolver.instantiate(ConstructorResolver.java:321) ~[spring-beans-7.0.9.jar:7.0.9]
	at org.springframework.beans.factory.support.ConstructorResolver.autowireConstructor(ConstructorResolver.java:309) ~[spring-beans-7.0.9.jar:7.0.9]
	at org.springframework.beans.factory.support.AbstractAutowireCapableBeanFactory.autowireConstructor(AbstractAutowireCapableBeanFactory.java:1380) ~[spring-beans-7.0.9.jar:7.0.9]
	at org.springframework.beans.factory.support.AbstractAutowireCapableBeanFactory.createBeanInstance(AbstractAutowireCapableBeanFactory.java:1219) ~[spring-beans-7.0.9.jar:7.0.9]
	at org.springframework.beans.factory.support.AbstractAutowireCapableBeanFactory.doCreateBean(AbstractAutowireCapableBeanFactory.java:565) ~[spring-beans-7.0.9.jar:7.0.9]
	at org.springframework.beans.factory.support.AbstractAutowireCapableBeanFactory.createBean(AbstractAutowireCapableBeanFactory.java:525) ~[spring-beans-7.0.9.jar:7.0.9]
	at org.springframework.beans.factory.support.AbstractBeanFactory.lambda$doGetBean$0(AbstractBeanFactory.java:333) ~[spring-beans-7.0.9.jar:7.0.9]
	at org.springframework.beans.factory.support.DefaultSingletonBeanRegistry.getSingleton(DefaultSingletonBeanRegistry.java:371) ~[spring-beans-7.0.9.jar:7.0.9]
	at org.springframework.beans.factory.support.AbstractBeanFactory.doGetBean(AbstractBeanFactory.java:331) ~[spring-beans-7.0.9.jar:7.0.9]
	at org.springframework.beans.factory.support.AbstractBeanFactory.getBean(AbstractBeanFactory.java:201) ~[spring-beans-7.0.9.jar:7.0.9]
	at org.springframework.beans.factory.support.DefaultListableBeanFactory.resolveBean(DefaultListableBeanFactory.java:1232) ~[spring-beans-7.0.9.jar:7.0.9]
	at org.springframework.beans.factory.support.DefaultListableBeanFactory.doResolveDependency(DefaultListableBeanFactory.java:1711) ~[spring-beans-7.0.9.jar:7.0.9]
	at org.springframework.beans.factory.support.DefaultListableBeanFactory.resolveDependency(DefaultListableBeanFactory.java:1658) ~[spring-beans-7.0.9.jar:7.0.9]
	at org.springframework.beans.factory.support.ConstructorResolver.resolveAutowiredArgument(ConstructorResolver.java:912) ~[spring-beans-7.0.9.jar:7.0.9]
	at org.springframework.beans.factory.support.ConstructorResolver.createArgumentArray(ConstructorResolver.java:791) ~[spring-beans-7.0.9.jar:7.0.9]
	... 24 common frames omitted
Caused by: org.springframework.beans.BeanInstantiationException: Failed to instantiate [com.blumbit.eblumbit.services.UsuarioService]: Constructor threw exception
	at org.springframework.beans.BeanUtils.instantiateClass(BeanUtils.java:220) ~[spring-beans-7.0.9.jar:7.0.9]
	at org.springframework.beans.factory.support.SimpleInstantiationStrategy.instantiate(SimpleInstantiationStrategy.java:129) ~[spring-beans-7.0.9.jar:7.0.9]
	at org.springframework.beans.factory.support.ConstructorResolver.instantiate(ConstructorResolver.java:318) ~[spring-beans-7.0.9.jar:7.0.9]
	... 38 common frames omitted
Caused by: java.lang.Error: Unresolved compilation problems: 
	Duplicate method createUsuario(CreateUsuarioDto) in type UsuarioService
	The method encode(CharSequence) in the type PasswordEncoder is not applicable for the arguments ()
	Syntax error, insert ")" to complete ArgumentList
	Syntax error, insert ")" to complete Expression
	Syntax error, insert ";" to complete Statement
	Syntax error, insert "}" to complete MethodBody
	Duplicate method createUsuario(CreateUsuarioDto) in type UsuarioService
	Syntax error on tokens, delete these tokens

	at com.blumbit.eblumbit.services.UsuarioService.<init>(UsuarioService.java:48) ~[classes/:na]
	at java.base/jdk.internal.reflect.DirectConstructorHandleAccessor.newInstance(DirectConstructorHandleAccessor.java:62) ~[na:na]
	at java.base/java.lang.reflect.Constructor.newInstanceWithCaller(Constructor.java:499) ~[na:na]
	at java.base/java.lang.reflect.Constructor.newInstance(Constructor.java:483) ~[na:na]
	at org.springframework.beans.BeanUtils.instantiateClass(BeanUtils.java:207) ~[spring-beans-7.0.9.jar:7.0.9]
	... 40 common frames omitted

2026-10-08T22:24:39.037-04:00  INFO 1189523 --- [eblumbit] [restartedMain] c.blumbit.eblumbit.EblumbitApplication   : Starting EblumbitApplication using Java 25.0.1 with PID 1189523 (/home/david/Documents/projects/blumbit/springv6/eblumbit/target/classes started by david in /home/david/Documents/projects/blumbit/springv6/eblumbit)
2026-10-08T22:24:39.038-04:00 DEBUG 1189523 --- [eblumbit] [restartedMain] c.blumbit.eblumbit.EblumbitApplication   : Running with Spring Boot v4.1.1, Spring v7.0.9
2026-10-08T22:24:39.039-04:00  INFO 1189523 --- [eblumbit] [restartedMain] c.blumbit.eblumbit.EblumbitApplication   : No active profile set, falling back to 1 default profile: "default"
2026-10-08T22:24:39.792-04:00  INFO 1189523 --- [eblumbit] [restartedMain] .s.d.r.c.RepositoryConfigurationDelegate : Bootstrapping Spring Data JPA repositories in DEFAULT mode.
2026-10-08T22:24:39.883-04:00  INFO 1189523 --- [eblumbit] [restartedMain] .s.d.r.c.RepositoryConfigurationDelegate : Finished Spring Data repository scanning in 87 ms. Found 12 JPA repository interfaces.
2026-10-08T22:24:40.527-04:00  INFO 1189523 --- [eblumbit] [restartedMain] o.s.boot.tomcat.TomcatWebServer          : Tomcat initialized with port 8090 (http)
2026-10-08T22:24:40.529-04:00  INFO 1189523 --- [eblumbit] [restartedMain] o.apache.catalina.core.StandardService   : Starting service [Tomcat]
2026-10-08T22:24:40.530-04:00  INFO 1189523 --- [eblumbit] [restartedMain] o.apache.catalina.core.StandardEngine    : Starting Servlet engine: [Apache Tomcat/11.0.24]
2026-10-08T22:24:40.548-04:00  INFO 1189523 --- [eblumbit] [restartedMain] b.w.c.s.WebApplicationContextInitializer : Root WebApplicationContext: initialization completed in 1489 ms
2026-10-08T22:24:40.850-04:00  INFO 1189523 --- [eblumbit] [restartedMain] o.s.o.j.p.SpringPersistenceUnitInfo      : No LoadTimeWeaver setup: ignoring JPA class transformer
2026-10-08T22:24:40.851-04:00  INFO 1189523 --- [eblumbit] [restartedMain] com.zaxxer.hikari.HikariDataSource       : HikariPool-13 - Starting...
2026-10-08T22:24:40.924-04:00  INFO 1189523 --- [eblumbit] [restartedMain] com.zaxxer.hikari.pool.HikariPool        : HikariPool-13 - Added connection org.postgresql.jdbc.PgConnection@15757240
2026-10-08T22:24:40.925-04:00  INFO 1189523 --- [eblumbit] [restartedMain] com.zaxxer.hikari.HikariDataSource       : HikariPool-13 - Start completed.
2026-10-08T22:24:42.341-04:00  INFO 1189523 --- [eblumbit] [restartedMain] j.LocalContainerEntityManagerFactoryBean : Initialized JPA EntityManagerFactory for persistence unit 'default'
2026-10-08T22:24:42.731-04:00 DEBUG 1189523 --- [eblumbit] [restartedMain] c.b.e.auth.JwtAuthenticationFilter       : Filter 'jwtAuthenticationFilter' configured for use
2026-10-08T22:24:42.816-04:00  INFO 1189523 --- [eblumbit] [restartedMain] eAuthenticationProviderManagerConfigurer : Global AuthenticationManager configured with AuthenticationProvider bean with name authenticationProvider
2026-10-08T22:24:42.818-04:00  WARN 1189523 --- [eblumbit] [restartedMain] r$InitializeUserDetailsManagerConfigurer : Global AuthenticationManager configured with an AuthenticationProvider bean. UserDetailsService beans will not be used by Spring Security for automatically configuring username/password login. Consider removing the AuthenticationProvider bean. Alternatively, consider using the UserDetailsService in a manually instantiated DaoAuthenticationProvider. If the current configuration is intentional, to turn off this warning, increase the logging level of 'org.springframework.security.config.annotation.authentication.configuration.InitializeUserDetailsBeanManagerConfigurer' to ERROR
2026-10-08T22:24:43.640-04:00  WARN 1189523 --- [eblumbit] [restartedMain] JpaBaseConfiguration$JpaWebConfiguration : spring.jpa.open-in-view is enabled by default. Therefore, database queries may be performed during view rendering. Explicitly configure spring.jpa.open-in-view to disable this warning
2026-10-08T22:24:44.872-04:00  INFO 1189523 --- [eblumbit] [restartedMain] o.s.b.a.e.web.EndpointLinksResolver      : Exposing 1 endpoint beneath base path '/actuator'
2026-10-08T22:24:45.382-04:00  INFO 1189523 --- [eblumbit] [restartedMain] o.s.boot.tomcat.TomcatWebServer          : Tomcat started on port 8090 (http) with context path '/'
2026-10-08T22:24:45.409-04:00  INFO 1189523 --- [eblumbit] [restartedMain] c.blumbit.eblumbit.EblumbitApplication   : Started EblumbitApplication in 6.495 seconds (process running for 673.025)
2026-10-08T22:24:51.353-04:00  WARN 1189523 --- [eblumbit] [restartedMain] o.s.core.events.SpringDocAppInitializer  : SpringDoc /v3/api-docs endpoint is enabled by default. To disable it in production, set the property 'springdoc.api-docs.enabled=false'
2026-10-08T22:24:51.353-04:00  WARN 1189523 --- [eblumbit] [restartedMain] o.s.core.events.SpringDocAppInitializer  : SpringDoc /swagger-ui.html endpoint is enabled by default. To disable it in production, set the property 'springdoc.swagger-ui.enabled=false'
2026-10-08T22:24:51.355-04:00  INFO 1189523 --- [eblumbit] [restartedMain] .ConditionEvaluationDeltaLoggingListener : Condition evaluation unchanged
2026-10-08T22:24:51.771-04:00  INFO 1189523 --- [eblumbit] [File Watcher] rtingClassPathChangeChangedEventListener : Restarting due to 1 class path change (0 additions, 0 deletions, 1 modification)
2026-10-08T22:24:51.776-04:00  INFO 1189523 --- [eblumbit] [Thread-43] o.s.boot.tomcat.GracefulShutdown         : Commencing graceful shutdown. Waiting for active requests to complete
2026-10-08T22:24:51.780-04:00  INFO 1189523 --- [eblumbit] [tomcat-shutdown] o.s.boot.tomcat.GracefulShutdown         : Graceful shutdown complete
2026-10-08T22:24:51.791-04:00  INFO 1189523 --- [eblumbit] [Thread-43] j.LocalContainerEntityManagerFactoryBean : Closing JPA EntityManagerFactory for persistence unit 'default'
2026-10-08T22:24:51.917-04:00  INFO 1189523 --- [eblumbit] [Thread-43] com.zaxxer.hikari.HikariDataSource       : HikariPool-13 - Shutdown initiated...
2026-10-08T22:24:51.935-04:00  INFO 1189523 --- [eblumbit] [Thread-43] com.zaxxer.hikari.HikariDataSource       : HikariPool-13 - Shutdown completed.
2026-10-08T22:24:52.451-04:00  INFO 1189523 --- [eblumbit] [restartedMain] c.blumbit.eblumbit.EblumbitApplication   : Starting EblumbitApplication using Java 25.0.1 with PID 1189523 (/home/david/Documents/projects/blumbit/springv6/eblumbit/target/classes started by david in /home/david/Documents/projects/blumbit/springv6/eblumbit)
2026-10-08T22:24:52.451-04:00 DEBUG 1189523 --- [eblumbit] [restartedMain] c.blumbit.eblumbit.EblumbitApplication   : Running with Spring Boot v4.1.1, Spring v7.0.9
2026-10-08T22:24:52.452-04:00  INFO 1189523 --- [eblumbit] [restartedMain] c.blumbit.eblumbit.EblumbitApplication   : No active profile set, falling back to 1 default profile: "default"
2026-10-08T22:24:53.280-04:00  INFO 1189523 --- [eblumbit] [restartedMain] .s.d.r.c.RepositoryConfigurationDelegate : Bootstrapping Spring Data JPA repositories in DEFAULT mode.
2026-10-08T22:24:53.352-04:00  INFO 1189523 --- [eblumbit] [restartedMain] .s.d.r.c.RepositoryConfigurationDelegate : Finished Spring Data repository scanning in 67 ms. Found 12 JPA repository interfaces.
2026-10-08T22:24:54.007-04:00  INFO 1189523 --- [eblumbit] [restartedMain] o.s.boot.tomcat.TomcatWebServer          : Tomcat initialized with port 8090 (http)
2026-10-08T22:24:54.009-04:00  INFO 1189523 --- [eblumbit] [restartedMain] o.apache.catalina.core.StandardService   : Starting service [Tomcat]
2026-10-08T22:24:54.009-04:00  INFO 1189523 --- [eblumbit] [restartedMain] o.apache.catalina.core.StandardEngine    : Starting Servlet engine: [Apache Tomcat/11.0.24]
2026-10-08T22:24:54.027-04:00  INFO 1189523 --- [eblumbit] [restartedMain] b.w.c.s.WebApplicationContextInitializer : Root WebApplicationContext: initialization completed in 1571 ms
2026-10-08T22:24:54.297-04:00  INFO 1189523 --- [eblumbit] [restartedMain] o.s.o.j.p.SpringPersistenceUnitInfo      : No LoadTimeWeaver setup: ignoring JPA class transformer
2026-10-08T22:24:54.298-04:00  INFO 1189523 --- [eblumbit] [restartedMain] com.zaxxer.hikari.HikariDataSource       : HikariPool-14 - Starting...
2026-10-08T22:24:54.359-04:00  INFO 1189523 --- [eblumbit] [restartedMain] com.zaxxer.hikari.pool.HikariPool        : HikariPool-14 - Added connection org.postgresql.jdbc.PgConnection@17335ebc
2026-10-08T22:24:54.360-04:00  INFO 1189523 --- [eblumbit] [restartedMain] com.zaxxer.hikari.HikariDataSource       : HikariPool-14 - Start completed.
2026-10-08T22:24:55.237-04:00  INFO 1189523 --- [eblumbit] [restartedMain] j.LocalContainerEntityManagerFactoryBean : Initialized JPA EntityManagerFactory for persistence unit 'default'
2026-10-08T22:24:55.650-04:00 DEBUG 1189523 --- [eblumbit] [restartedMain] c.b.e.auth.JwtAuthenticationFilter       : Filter 'jwtAuthenticationFilter' configured for use
2026-10-08T22:24:55.746-04:00  INFO 1189523 --- [eblumbit] [restartedMain] eAuthenticationProviderManagerConfigurer : Global AuthenticationManager configured with AuthenticationProvider bean with name authenticationProvider
2026-10-08T22:24:55.747-04:00  WARN 1189523 --- [eblumbit] [restartedMain] r$InitializeUserDetailsManagerConfigurer : Global AuthenticationManager configured with an AuthenticationProvider bean. UserDetailsService beans will not be used by Spring Security for automatically configuring username/password login. Consider removing the AuthenticationProvider bean. Alternatively, consider using the UserDetailsService in a manually instantiated DaoAuthenticationProvider. If the current configuration is intentional, to turn off this warning, increase the logging level of 'org.springframework.security.config.annotation.authentication.configuration.InitializeUserDetailsBeanManagerConfigurer' to ERROR
2026-10-08T22:24:56.582-04:00  WARN 1189523 --- [eblumbit] [restartedMain] JpaBaseConfiguration$JpaWebConfiguration : spring.jpa.open-in-view is enabled by default. Therefore, database queries may be performed during view rendering. Explicitly configure spring.jpa.open-in-view to disable this warning
2026-10-08T22:24:58.366-04:00  INFO 1189523 --- [eblumbit] [restartedMain] o.s.b.a.e.web.EndpointLinksResolver      : Exposing 1 endpoint beneath base path '/actuator'
2026-10-08T22:24:59.396-04:00  INFO 1189523 --- [eblumbit] [restartedMain] o.s.boot.tomcat.TomcatWebServer          : Tomcat started on port 8090 (http) with context path '/'
2026-10-08T22:24:59.420-04:00  INFO 1189523 --- [eblumbit] [restartedMain] c.blumbit.eblumbit.EblumbitApplication   : Started EblumbitApplication in 7.028 seconds (process running for 687.036)
2026-10-08T22:25:01.050-04:00  INFO 1189523 --- [eblumbit] [SpringApplicationShutdownHook] o.s.boot.tomcat.GracefulShutdown         : Commencing graceful shutdown. Waiting for active requests to complete
2026-10-08T22:25:01.054-04:00  INFO 1189523 --- [eblumbit] [tomcat-shutdown] o.s.boot.tomcat.GracefulShutdown         : Graceful shutdown complete
2026-10-08T22:25:01.085-04:00  INFO 1189523 --- [eblumbit] [SpringApplicationShutdownHook] j.LocalContainerEntityManagerFactoryBean : Closing JPA EntityManagerFactory for persistence unit 'default'
2026-10-08T22:25:03.622-04:00  INFO 1189523 --- [eblumbit] [SpringApplicationShutdownHook] com.zaxxer.hikari.HikariDataSource       : HikariPool-14 - Shutdown initiated...
2026-10-08T22:25:03.671-04:00  INFO 1189523 --- [eblumbit] [SpringApplicationShutdownHook] com.zaxxer.hikari.HikariDataSource       : HikariPool-14 - Shutdown completed.
2026-10-08T22:25:22.598-04:00  INFO 1249151 --- [eblumbit] [restartedMain] c.blumbit.eblumbit.EblumbitApplication   : Starting EblumbitApplication using Java 25.0.1 with PID 1249151 (/home/david/Documents/projects/blumbit/springv6/eblumbit/target/classes started by david in /home/david/Documents/projects/blumbit/springv6/eblumbit)
2026-10-08T22:25:22.606-04:00 DEBUG 1249151 --- [eblumbit] [restartedMain] c.blumbit.eblumbit.EblumbitApplication   : Running with Spring Boot v4.1.1, Spring v7.0.9
2026-10-08T22:25:22.611-04:00  INFO 1249151 --- [eblumbit] [restartedMain] c.blumbit.eblumbit.EblumbitApplication   : No active profile set, falling back to 1 default profile: "default"
2026-10-08T22:25:22.835-04:00  INFO 1249151 --- [eblumbit] [restartedMain] .e.DevToolsPropertyDefaultsPostProcessor : Devtools property defaults active! Set 'spring.devtools.add-properties' to 'false' to disable
2026-10-08T22:25:22.836-04:00  INFO 1249151 --- [eblumbit] [restartedMain] .e.DevToolsPropertyDefaultsPostProcessor : For additional web related logging consider setting the 'logging.level.web' property to 'DEBUG'
2026-10-08T22:25:26.330-04:00  INFO 1249151 --- [eblumbit] [restartedMain] .s.d.r.c.RepositoryConfigurationDelegate : Bootstrapping Spring Data JPA repositories in DEFAULT mode.
2026-10-08T22:25:26.600-04:00  INFO 1249151 --- [eblumbit] [restartedMain] .s.d.r.c.RepositoryConfigurationDelegate : Finished Spring Data repository scanning in 242 ms. Found 12 JPA repository interfaces.
2026-10-08T22:25:28.598-04:00  INFO 1249151 --- [eblumbit] [restartedMain] o.s.boot.tomcat.TomcatWebServer          : Tomcat initialized with port 8090 (http)
2026-10-08T22:25:28.652-04:00  INFO 1249151 --- [eblumbit] [restartedMain] o.apache.catalina.core.StandardService   : Starting service [Tomcat]
2026-10-08T22:25:28.655-04:00  INFO 1249151 --- [eblumbit] [restartedMain] o.apache.catalina.core.StandardEngine    : Starting Servlet engine: [Apache Tomcat/11.0.24]
2026-10-08T22:25:28.828-04:00  INFO 1249151 --- [eblumbit] [restartedMain] b.w.c.s.WebApplicationContextInitializer : Root WebApplicationContext: initialization completed in 5989 ms
2026-10-08T22:25:31.094-04:00  INFO 1249151 --- [eblumbit] [restartedMain] o.s.o.j.p.SpringPersistenceUnitInfo      : No LoadTimeWeaver setup: ignoring JPA class transformer
2026-10-08T22:25:31.158-04:00  INFO 1249151 --- [eblumbit] [restartedMain] com.zaxxer.hikari.HikariDataSource       : HikariPool-1 - Starting...
2026-10-08T22:25:32.008-04:00  INFO 1249151 --- [eblumbit] [restartedMain] com.zaxxer.hikari.pool.HikariPool        : HikariPool-1 - Added connection org.postgresql.jdbc.PgConnection@70f19581
2026-10-08T22:25:32.016-04:00  INFO 1249151 --- [eblumbit] [restartedMain] com.zaxxer.hikari.HikariDataSource       : HikariPool-1 - Start completed.
2026-10-08T22:25:36.727-04:00  INFO 1249151 --- [eblumbit] [restartedMain] j.LocalContainerEntityManagerFactoryBean : Initialized JPA EntityManagerFactory for persistence unit 'default'
2026-10-08T22:25:37.036-04:00  INFO 1249151 --- [eblumbit] [restartedMain] o.s.d.j.r.query.QueryEnhancerFactories   : Hibernate is in classpath; If applicable, HQL parser will be used.
2026-10-08T22:25:37.913-04:00 DEBUG 1249151 --- [eblumbit] [restartedMain] c.b.e.auth.JwtAuthenticationFilter       : Filter 'jwtAuthenticationFilter' configured for use
2026-10-08T22:25:38.124-04:00  INFO 1249151 --- [eblumbit] [restartedMain] eAuthenticationProviderManagerConfigurer : Global AuthenticationManager configured with AuthenticationProvider bean with name authenticationProvider
2026-10-08T22:25:38.125-04:00  WARN 1249151 --- [eblumbit] [restartedMain] r$InitializeUserDetailsManagerConfigurer : Global AuthenticationManager configured with an AuthenticationProvider bean. UserDetailsService beans will not be used by Spring Security for automatically configuring username/password login. Consider removing the AuthenticationProvider bean. Alternatively, consider using the UserDetailsService in a manually instantiated DaoAuthenticationProvider. If the current configuration is intentional, to turn off this warning, increase the logging level of 'org.springframework.security.config.annotation.authentication.configuration.InitializeUserDetailsBeanManagerConfigurer' to ERROR
2026-10-08T22:25:39.730-04:00  WARN 1249151 --- [eblumbit] [restartedMain] JpaBaseConfiguration$JpaWebConfiguration : spring.jpa.open-in-view is enabled by default. Therefore, database queries may be performed during view rendering. Explicitly configure spring.jpa.open-in-view to disable this warning
2026-10-08T22:25:41.188-04:00  INFO 1249151 --- [eblumbit] [restartedMain] o.s.b.a.e.web.EndpointLinksResolver      : Exposing 1 endpoint beneath base path '/actuator'
2026-10-08T22:25:42.388-04:00  INFO 1249151 --- [eblumbit] [restartedMain] o.s.boot.tomcat.TomcatWebServer          : Tomcat started on port 8090 (http) with context path '/'
2026-10-08T22:25:42.408-04:00  INFO 1249151 --- [eblumbit] [restartedMain] c.blumbit.eblumbit.EblumbitApplication   : Started EblumbitApplication in 21.208 seconds (process running for 22.471)
2026-10-08T22:25:50.493-04:00  WARN 1249151 --- [eblumbit] [restartedMain] o.s.core.events.SpringDocAppInitializer  : SpringDoc /v3/api-docs endpoint is enabled by default. To disable it in production, set the property 'springdoc.api-docs.enabled=false'
2026-10-08T22:25:50.494-04:00  WARN 1249151 --- [eblumbit] [restartedMain] o.s.core.events.SpringDocAppInitializer  : SpringDoc /swagger-ui.html endpoint is enabled by default. To disable it in production, set the property 'springdoc.swagger-ui.enabled=false'
2026-10-08T22:27:22.978-04:00  INFO 1249151 --- [eblumbit] [http-nio-8090-exec-1] o.a.c.c.C.[Tomcat].[localhost].[/]       : Initializing Spring DispatcherServlet 'dispatcherServlet'
2026-10-08T22:27:23.879-04:00 ERROR 1249151 --- [eblumbit] [http-nio-8090-exec-1] c.b.e.exception.RestExceptionHandler     : STANDARD EXCEPTION: The specified key byte array is 64 bits which is not secure enough for any JWT HMAC-SHA algorithm.  The JWT JWA Specification (RFC 7518, Section 3.2) states that keys used with HMAC-SHA algorithms MUST have a size >= 256 bits (the key size must be greater than or equal to the hash output size).  Consider using the Jwts.SIG.HS256.key() builder (or HS384.key() or HS512.key()) to create a key guaranteed to be secure enough for your preferred HMAC-SHA algorithm.  See https://tools.ietf.org/html/rfc7518#section-3.2 for more information.

io.jsonwebtoken.security.WeakKeyException: The specified key byte array is 64 bits which is not secure enough for any JWT HMAC-SHA algorithm.  The JWT JWA Specification (RFC 7518, Section 3.2) states that keys used with HMAC-SHA algorithms MUST have a size >= 256 bits (the key size must be greater than or equal to the hash output size).  Consider using the Jwts.SIG.HS256.key() builder (or HS384.key() or HS512.key()) to create a key guaranteed to be secure enough for your preferred HMAC-SHA algorithm.  See https://tools.ietf.org/html/rfc7518#section-3.2 for more information.
	at io.jsonwebtoken.security.Keys.hmacShaKeyFor(Keys.java:83) ~[jjwt-api-0.13.0.jar:0.13.0]
	at com.blumbit.eblumbit.auth.services.JwtService.getSigningKey(JwtService.java:73) ~[classes/:na]
	at com.blumbit.eblumbit.auth.services.JwtService.buildToken(JwtService.java:44) ~[classes/:na]
	at com.blumbit.eblumbit.auth.services.JwtService.generateAccesToken(JwtService.java:49) ~[classes/:na]
	at com.blumbit.eblumbit.auth.services.AuthService.login(AuthService.java:42) ~[classes/:na]
	at com.blumbit.eblumbit.auth.AuthController.authLogin(AuthController.java:26) ~[classes/:na]
	at java.base/jdk.internal.reflect.DirectMethodHandleAccessor.invoke(DirectMethodHandleAccessor.java:104) ~[na:na]
	at java.base/java.lang.reflect.Method.invoke(Method.java:565) ~[na:na]
	at org.springframework.web.method.support.InvocableHandlerMethod.doInvoke(InvocableHandlerMethod.java:252) ~[spring-web-7.0.9.jar:7.0.9]
	at org.springframework.web.method.support.InvocableHandlerMethod.invokeForRequest(InvocableHandlerMethod.java:184) ~[spring-web-7.0.9.jar:7.0.9]
	at org.springframework.web.servlet.mvc.method.annotation.ServletInvocableHandlerMethod.invokeAndHandle(ServletInvocableHandlerMethod.java:117) ~[spring-webmvc-7.0.9.jar:7.0.9]
	at org.springframework.web.servlet.mvc.method.annotation.RequestMappingHandlerAdapter.invokeHandlerMethod(RequestMappingHandlerAdapter.java:934) ~[spring-webmvc-7.0.9.jar:7.0.9]
	at org.springframework.web.servlet.mvc.method.annotation.RequestMappingHandlerAdapter.handleInternal(RequestMappingHandlerAdapter.java:853) ~[spring-webmvc-7.0.9.jar:7.0.9]
	at org.springframework.web.servlet.mvc.method.AbstractHandlerMethodAdapter.handle(AbstractHandlerMethodAdapter.java:86) ~[spring-webmvc-7.0.9.jar:7.0.9]
	at org.springframework.web.servlet.DispatcherServlet.doDispatch(DispatcherServlet.java:963) ~[spring-webmvc-7.0.9.jar:7.0.9]
	at org.springframework.web.servlet.DispatcherServlet.doService(DispatcherServlet.java:866) ~[spring-webmvc-7.0.9.jar:7.0.9]
	at org.springframework.web.servlet.FrameworkServlet.processRequest(FrameworkServlet.java:1000) ~[spring-webmvc-7.0.9.jar:7.0.9]
	at org.springframework.web.servlet.FrameworkServlet.doPost(FrameworkServlet.java:903) ~[spring-webmvc-7.0.9.jar:7.0.9]
	at jakarta.servlet.http.HttpServlet.service(HttpServlet.java:649) ~[tomcat-embed-core-11.0.24.jar:6.1]
	at org.springframework.web.servlet.FrameworkServlet.service(FrameworkServlet.java:874) ~[spring-webmvc-7.0.9.jar:7.0.9]
	at jakarta.servlet.http.HttpServlet.service(HttpServlet.java:710) ~[tomcat-embed-core-11.0.24.jar:6.1]
	at org.apache.catalina.core.ApplicationFilterChain.doFilter(ApplicationFilterChain.java:132) ~[tomcat-embed-core-11.0.24.jar:11.0.24]
	at org.apache.tomcat.websocket.server.WsFilter.doFilter(WsFilter.java:59) ~[tomcat-embed-websocket-11.0.24.jar:11.0.24]
	at org.apache.catalina.core.ApplicationFilterChain.doFilter(ApplicationFilterChain.java:111) ~[tomcat-embed-core-11.0.24.jar:11.0.24]
	at org.springframework.web.filter.OncePerRequestFilter.doFilter(OncePerRequestFilter.java:110) ~[spring-web-7.0.9.jar:7.0.9]
	at org.apache.catalina.core.ApplicationFilterChain.doFilter(ApplicationFilterChain.java:111) ~[tomcat-embed-core-11.0.24.jar:11.0.24]
	at org.springframework.web.servlet.resource.ResourceUrlEncodingFilter.doFilter(ResourceUrlEncodingFilter.java:66) ~[spring-webmvc-7.0.9.jar:7.0.9]
	at org.apache.catalina.core.ApplicationFilterChain.doFilter(ApplicationFilterChain.java:111) ~[tomcat-embed-core-11.0.24.jar:11.0.24]
	at org.springframework.web.filter.CompositeFilter$VirtualFilterChain.doFilter(CompositeFilter.java:108) ~[spring-web-7.0.9.jar:7.0.9]
	at org.springframework.security.web.FilterChainProxy.lambda$doFilterInternal$2(FilterChainProxy.java:235) ~[spring-security-web-7.1.1.jar:7.1.1]
	at org.springframework.security.web.ObservationFilterChainDecorator$FilterObservation$SimpleFilterObservation.lambda$wrap$1(ObservationFilterChainDecorator.java:491) ~[spring-security-web-7.1.1.jar:7.1.1]
	at org.springframework.security.web.ObservationFilterChainDecorator$AroundFilterObservation$SimpleAroundFilterObservation.lambda$wrap$1(ObservationFilterChainDecorator.java:353) ~[spring-security-web-7.1.1.jar:7.1.1]
	at org.springframework.security.web.ObservationFilterChainDecorator.lambda$wrapSecured$0(ObservationFilterChainDecorator.java:84) ~[spring-security-web-7.1.1.jar:7.1.1]
	at org.springframework.security.web.ObservationFilterChainDecorator$VirtualFilterChain.doFilter(ObservationFilterChainDecorator.java:131) ~[spring-security-web-7.1.1.jar:7.1.1]
	at org.springframework.security.web.access.intercept.AuthorizationFilter.doFilter(AuthorizationFilter.java:101) ~[spring-security-web-7.1.1.jar:7.1.1]
	at org.springframework.security.web.ObservationFilterChainDecorator$ObservationFilter.wrapFilter(ObservationFilterChainDecorator.java:243) ~[spring-security-web-7.1.1.jar:7.1.1]
	at org.springframework.security.web.ObservationFilterChainDecorator$ObservationFilter.doFilter(ObservationFilterChainDecorator.java:230) ~[spring-security-web-7.1.1.jar:7.1.1]
	at org.springframework.security.web.ObservationFilterChainDecorator$VirtualFilterChain.doFilter(ObservationFilterChainDecorator.java:140) ~[spring-security-web-7.1.1.jar:7.1.1]
	at org.springframework.security.web.access.ExceptionTranslationFilter.doFilter(ExceptionTranslationFilter.java:126) ~[spring-security-web-7.1.1.jar:7.1.1]
	at org.springframework.security.web.access.ExceptionTranslationFilter.doFilter(ExceptionTranslationFilter.java:120) ~[spring-security-web-7.1.1.jar:7.1.1]
	at org.springframework.security.web.ObservationFilterChainDecorator$ObservationFilter.wrapFilter(ObservationFilterChainDecorator.java:243) ~[spring-security-web-7.1.1.jar:7.1.1]
	at org.springframework.security.web.ObservationFilterChainDecorator$ObservationFilter.doFilter(ObservationFilterChainDecorator.java:230) ~[spring-security-web-7.1.1.jar:7.1.1]
	at org.springframework.security.web.ObservationFilterChainDecorator$VirtualFilterChain.doFilter(ObservationFilterChainDecorator.java:140) ~[spring-security-web-7.1.1.jar:7.1.1]
	at org.springframework.security.web.session.SessionManagementFilter.doFilter(SessionManagementFilter.java:132) ~[spring-security-web-7.1.1.jar:7.1.1]
	at org.springframework.security.web.session.SessionManagementFilter.doFilter(SessionManagementFilter.java:86) ~[spring-security-web-7.1.1.jar:7.1.1]
	at org.springframework.security.web.ObservationFilterChainDecorator$ObservationFilter.wrapFilter(ObservationFilterChainDecorator.java:243) ~[spring-security-web-7.1.1.jar:7.1.1]
	at org.springframework.security.web.ObservationFilterChainDecorator$ObservationFilter.doFilter(ObservationFilterChainDecorator.java:230) ~[spring-security-web-7.1.1.jar:7.1.1]
	at org.springframework.security.web.ObservationFilterChainDecorator$VirtualFilterChain.doFilter(ObservationFilterChainDecorator.java:140) ~[spring-security-web-7.1.1.jar:7.1.1]
	at org.springframework.security.web.authentication.AnonymousAuthenticationFilter.doFilter(AnonymousAuthenticationFilter.java:100) ~[spring-security-web-7.1.1.jar:7.1.1]
	at org.springframework.security.web.ObservationFilterChainDecorator$ObservationFilter.wrapFilter(ObservationFilterChainDecorator.java:243) ~[spring-security-web-7.1.1.jar:7.1.1]
	at org.springframework.security.web.ObservationFilterChainDecorator$ObservationFilter.doFilter(ObservationFilterChainDecorator.java:230) ~[spring-security-web-7.1.1.jar:7.1.1]
	at org.springframework.security.web.ObservationFilterChainDecorator$VirtualFilterChain.doFilter(ObservationFilterChainDecorator.java:140) ~[spring-security-web-7.1.1.jar:7.1.1]
	at org.springframework.security.web.servletapi.SecurityContextHolderAwareRequestFilter.doFilter(SecurityContextHolderAwareRequestFilter.java:181) ~[spring-security-web-7.1.1.jar:7.1.1]
	at org.springframework.security.web.ObservationFilterChainDecorator$ObservationFilter.wrapFilter(ObservationFilterChainDecorator.java:243) ~[spring-security-web-7.1.1.jar:7.1.1]
	at org.springframework.security.web.ObservationFilterChainDecorator$ObservationFilter.doFilter(ObservationFilterChainDecorator.java:230) ~[spring-security-web-7.1.1.jar:7.1.1]
	at org.springframework.security.web.ObservationFilterChainDecorator$VirtualFilterChain.doFilter(ObservationFilterChainDecorator.java:140) ~[spring-security-web-7.1.1.jar:7.1.1]
	at org.springframework.security.web.savedrequest.RequestCacheAwareFilter.doFilter(RequestCacheAwareFilter.java:63) ~[spring-security-web-7.1.1.jar:7.1.1]
	at org.springframework.security.web.ObservationFilterChainDecorator$ObservationFilter.wrapFilter(ObservationFilterChainDecorator.java:243) ~[spring-security-web-7.1.1.jar:7.1.1]
	at org.springframework.security.web.ObservationFilterChainDecorator$ObservationFilter.doFilter(ObservationFilterChainDecorator.java:230) ~[spring-security-web-7.1.1.jar:7.1.1]
	at org.springframework.security.web.ObservationFilterChainDecorator$VirtualFilterChain.doFilter(ObservationFilterChainDecorator.java:140) ~[spring-security-web-7.1.1.jar:7.1.1]
	at com.blumbit.eblumbit.auth.JwtAuthenticationFilter.doFilterInternal(JwtAuthenticationFilter.java:39) ~[classes/:na]
	at org.springframework.web.filter.OncePerRequestFilter.doFilter(OncePerRequestFilter.java:116) ~[spring-web-7.0.9.jar:7.0.9]
	at org.springframework.security.web.ObservationFilterChainDecorator$ObservationFilter.wrapFilter(ObservationFilterChainDecorator.java:243) ~[spring-security-web-7.1.1.jar:7.1.1]
	at org.springframework.security.web.ObservationFilterChainDecorator$ObservationFilter.doFilter(ObservationFilterChainDecorator.java:230) ~[spring-security-web-7.1.1.jar:7.1.1]
	at org.springframework.security.web.ObservationFilterChainDecorator$VirtualFilterChain.doFilter(ObservationFilterChainDecorator.java:140) ~[spring-security-web-7.1.1.jar:7.1.1]
	at org.springframework.security.web.authentication.logout.LogoutFilter.doFilter(LogoutFilter.java:110) ~[spring-security-web-7.1.1.jar:7.1.1]
	at org.springframework.security.web.authentication.logout.LogoutFilter.doFilter(LogoutFilter.java:96) ~[spring-security-web-7.1.1.jar:7.1.1]
	at org.springframework.security.web.ObservationFilterChainDecorator$ObservationFilter.wrapFilter(ObservationFilterChainDecorator.java:243) ~[spring-security-web-7.1.1.jar:7.1.1]
	at org.springframework.security.web.ObservationFilterChainDecorator$ObservationFilter.doFilter(ObservationFilterChainDecorator.java:230) ~[spring-security-web-7.1.1.jar:7.1.1]
	at org.springframework.security.web.ObservationFilterChainDecorator$VirtualFilterChain.doFilter(ObservationFilterChainDecorator.java:140) ~[spring-security-web-7.1.1.jar:7.1.1]
	at org.springframework.web.filter.CorsFilter.doFilterInternal(CorsFilter.java:91) ~[spring-web-7.0.9.jar:7.0.9]
	at org.springframework.web.filter.OncePerRequestFilter.doFilter(OncePerRequestFilter.java:116) ~[spring-web-7.0.9.jar:7.0.9]
	at org.springframework.security.web.ObservationFilterChainDecorator$ObservationFilter.wrapFilter(ObservationFilterChainDecorator.java:243) ~[spring-security-web-7.1.1.jar:7.1.1]
	at org.springframework.security.web.ObservationFilterChainDecorator$ObservationFilter.doFilter(ObservationFilterChainDecorator.java:230) ~[spring-security-web-7.1.1.jar:7.1.1]
	at org.springframework.security.web.ObservationFilterChainDecorator$VirtualFilterChain.doFilter(ObservationFilterChainDecorator.java:140) ~[spring-security-web-7.1.1.jar:7.1.1]
	at org.springframework.security.web.header.HeaderWriterFilter.doHeadersAfter(HeaderWriterFilter.java:90) ~[spring-security-web-7.1.1.jar:7.1.1]
	at org.springframework.security.web.header.HeaderWriterFilter.doFilterInternal(HeaderWriterFilter.java:75) ~[spring-security-web-7.1.1.jar:7.1.1]
	at org.springframework.web.filter.OncePerRequestFilter.doFilter(OncePerRequestFilter.java:116) ~[spring-web-7.0.9.jar:7.0.9]
	at org.springframework.security.web.ObservationFilterChainDecorator$ObservationFilter.wrapFilter(ObservationFilterChainDecorator.java:243) ~[spring-security-web-7.1.1.jar:7.1.1]
	at org.springframework.security.web.ObservationFilterChainDecorator$ObservationFilter.doFilter(ObservationFilterChainDecorator.java:230) ~[spring-security-web-7.1.1.jar:7.1.1]
	at org.springframework.security.web.ObservationFilterChainDecorator$VirtualFilterChain.doFilter(ObservationFilterChainDecorator.java:140) ~[spring-security-web-7.1.1.jar:7.1.1]
	at org.springframework.security.web.context.SecurityContextHolderFilter.doFilter(SecurityContextHolderFilter.java:82) ~[spring-security-web-7.1.1.jar:7.1.1]
	at org.springframework.security.web.context.SecurityContextHolderFilter.doFilter(SecurityContextHolderFilter.java:69) ~[spring-security-web-7.1.1.jar:7.1.1]
	at org.springframework.security.web.ObservationFilterChainDecorator$ObservationFilter.wrapFilter(ObservationFilterChainDecorator.java:243) ~[spring-security-web-7.1.1.jar:7.1.1]
	at org.springframework.security.web.ObservationFilterChainDecorator$ObservationFilter.doFilter(ObservationFilterChainDecorator.java:230) ~[spring-security-web-7.1.1.jar:7.1.1]
	at org.springframework.security.web.ObservationFilterChainDecorator$VirtualFilterChain.doFilter(ObservationFilterChainDecorator.java:140) ~[spring-security-web-7.1.1.jar:7.1.1]
	at org.springframework.security.web.context.request.async.WebAsyncManagerIntegrationFilter.doFilterInternal(WebAsyncManagerIntegrationFilter.java:62) ~[spring-security-web-7.1.1.jar:7.1.1]
	at org.springframework.web.filter.OncePerRequestFilter.doFilter(OncePerRequestFilter.java:116) ~[spring-web-7.0.9.jar:7.0.9]
	at org.springframework.security.web.ObservationFilterChainDecorator$ObservationFilter.wrapFilter(ObservationFilterChainDecorator.java:243) ~[spring-security-web-7.1.1.jar:7.1.1]
	at org.springframework.security.web.ObservationFilterChainDecorator$ObservationFilter.doFilter(ObservationFilterChainDecorator.java:230) ~[spring-security-web-7.1.1.jar:7.1.1]
	at org.springframework.security.web.ObservationFilterChainDecorator$VirtualFilterChain.doFilter(ObservationFilterChainDecorator.java:140) ~[spring-security-web-7.1.1.jar:7.1.1]
	at org.springframework.security.web.session.DisableEncodeUrlFilter.doFilterInternal(DisableEncodeUrlFilter.java:42) ~[spring-security-web-7.1.1.jar:7.1.1]
	at org.springframework.web.filter.OncePerRequestFilter.doFilter(OncePerRequestFilter.java:116) ~[spring-web-7.0.9.jar:7.0.9]
	at org.springframework.security.web.ObservationFilterChainDecorator$ObservationFilter.wrapFilter(ObservationFilterChainDecorator.java:243) ~[spring-security-web-7.1.1.jar:7.1.1]
	at org.springframework.security.web.ObservationFilterChainDecorator$AroundFilterObservation$SimpleAroundFilterObservation.lambda$wrap$0(ObservationFilterChainDecorator.java:336) ~[spring-security-web-7.1.1.jar:7.1.1]
	at org.springframework.security.web.ObservationFilterChainDecorator$ObservationFilter.doFilter(ObservationFilterChainDecorator.java:227) ~[spring-security-web-7.1.1.jar:7.1.1]
	at org.springframework.security.web.ObservationFilterChainDecorator$VirtualFilterChain.doFilter(ObservationFilterChainDecorator.java:140) ~[spring-security-web-7.1.1.jar:7.1.1]
	at org.springframework.security.web.FilterChainProxy.doFilterInternal(FilterChainProxy.java:237) ~[spring-security-web-7.1.1.jar:7.1.1]
	at org.springframework.security.web.FilterChainProxy.doFilter(FilterChainProxy.java:195) ~[spring-security-web-7.1.1.jar:7.1.1]
	at org.springframework.web.filter.CompositeFilter$VirtualFilterChain.doFilter(CompositeFilter.java:113) ~[spring-web-7.0.9.jar:7.0.9]
	at org.springframework.web.filter.ServletRequestPathFilter.doFilter(ServletRequestPathFilter.java:52) ~[spring-web-7.0.9.jar:7.0.9]
	at org.springframework.web.filter.CompositeFilter$VirtualFilterChain.doFilter(CompositeFilter.java:113) ~[spring-web-7.0.9.jar:7.0.9]
	at org.springframework.web.filter.CompositeFilter.doFilter(CompositeFilter.java:74) ~[spring-web-7.0.9.jar:7.0.9]
	at org.springframework.security.config.annotation.web.configuration.WebSecurityConfiguration$CompositeFilterChainProxy.doFilter(WebSecurityConfiguration.java:317) ~[spring-security-config-7.1.1.jar:7.1.1]
	at org.springframework.web.filter.DelegatingFilterProxy.invokeDelegate(DelegatingFilterProxy.java:355) ~[spring-web-7.0.9.jar:7.0.9]
	at org.springframework.web.filter.DelegatingFilterProxy.doFilter(DelegatingFilterProxy.java:272) ~[spring-web-7.0.9.jar:7.0.9]
	at org.apache.catalina.core.ApplicationFilterChain.doFilter(ApplicationFilterChain.java:111) ~[tomcat-embed-core-11.0.24.jar:11.0.24]
	at org.springframework.web.filter.RequestContextFilter.doFilterInternal(RequestContextFilter.java:100) ~[spring-web-7.0.9.jar:7.0.9]
	at org.springframework.web.filter.OncePerRequestFilter.doFilter(OncePerRequestFilter.java:116) ~[spring-web-7.0.9.jar:7.0.9]
	at org.apache.catalina.core.ApplicationFilterChain.doFilter(ApplicationFilterChain.java:111) ~[tomcat-embed-core-11.0.24.jar:11.0.24]
	at org.springframework.web.filter.FormContentFilter.doFilterInternal(FormContentFilter.java:93) ~[spring-web-7.0.9.jar:7.0.9]
	at org.springframework.web.filter.OncePerRequestFilter.doFilter(OncePerRequestFilter.java:116) ~[spring-web-7.0.9.jar:7.0.9]
	at org.apache.catalina.core.ApplicationFilterChain.doFilter(ApplicationFilterChain.java:111) ~[tomcat-embed-core-11.0.24.jar:11.0.24]
	at org.springframework.web.filter.ServerHttpObservationFilter.doFilterInternal(ServerHttpObservationFilter.java:110) ~[spring-web-7.0.9.jar:7.0.9]
	at org.springframework.web.filter.OncePerRequestFilter.doFilter(OncePerRequestFilter.java:116) ~[spring-web-7.0.9.jar:7.0.9]
	at org.apache.catalina.core.ApplicationFilterChain.doFilter(ApplicationFilterChain.java:111) ~[tomcat-embed-core-11.0.24.jar:11.0.24]
	at org.springframework.web.filter.CharacterEncodingFilter.doFilterInternal(CharacterEncodingFilter.java:199) ~[spring-web-7.0.9.jar:7.0.9]
	at org.springframework.web.filter.OncePerRequestFilter.doFilter(OncePerRequestFilter.java:116) ~[spring-web-7.0.9.jar:7.0.9]
	at org.apache.catalina.core.ApplicationFilterChain.doFilter(ApplicationFilterChain.java:111) ~[tomcat-embed-core-11.0.24.jar:11.0.24]
	at org.apache.catalina.core.StandardWrapperValve.invoke(StandardWrapperValve.java:165) ~[tomcat-embed-core-11.0.24.jar:11.0.24]
	at org.apache.catalina.core.StandardContextValve.invoke(StandardContextValve.java:77) ~[tomcat-embed-core-11.0.24.jar:11.0.24]
	at org.apache.catalina.authenticator.AuthenticatorBase.invoke(AuthenticatorBase.java:535) ~[tomcat-embed-core-11.0.24.jar:11.0.24]
	at org.apache.catalina.core.StandardHostValve.invoke(StandardHostValve.java:115) ~[tomcat-embed-core-11.0.24.jar:11.0.24]
	at org.apache.catalina.valves.ErrorReportValve.invoke(ErrorReportValve.java:86) ~[tomcat-embed-core-11.0.24.jar:11.0.24]
	at org.apache.catalina.core.StandardEngineValve.invoke(StandardEngineValve.java:71) ~[tomcat-embed-core-11.0.24.jar:11.0.24]
	at org.apache.catalina.connector.CoyoteAdapter.service(CoyoteAdapter.java:347) ~[tomcat-embed-core-11.0.24.jar:11.0.24]
	at org.apache.coyote.http11.Http11Processor.service(Http11Processor.java:406) ~[tomcat-embed-core-11.0.24.jar:11.0.24]
	at org.apache.coyote.AbstractProcessorLight.process(AbstractProcessorLight.java:71) ~[tomcat-embed-core-11.0.24.jar:11.0.24]
	at org.apache.coyote.AbstractProtocol$ConnectionHandler.process(AbstractProtocol.java:1307) ~[tomcat-embed-core-11.0.24.jar:11.0.24]
	at org.apache.tomcat.util.net.NioEndpoint$SocketProcessor.doRun(NioEndpoint.java:2036) ~[tomcat-embed-core-11.0.24.jar:11.0.24]
	at org.apache.tomcat.util.net.SocketProcessorBase.run(SocketProcessorBase.java:74) ~[tomcat-embed-core-11.0.24.jar:11.0.24]
	at org.apache.tomcat.util.threads.ThreadPoolExecutor.runWorker(ThreadPoolExecutor.java:949) ~[tomcat-embed-core-11.0.24.jar:11.0.24]
	at org.apache.tomcat.util.threads.ThreadPoolExecutor$Worker.run(ThreadPoolExecutor.java:483) ~[tomcat-embed-core-11.0.24.jar:11.0.24]
	at org.apache.tomcat.util.threads.TaskThread$WrappingRunnable.run(TaskThread.java:74) ~[tomcat-embed-core-11.0.24.jar:11.0.24]
	at java.base/java.lang.Thread.run(Thread.java:1474) ~[na:na]

2026-10-08T22:27:24.118-04:00  WARN 1249151 --- [eblumbit] [http-nio-8090-exec-1] .m.m.a.ExceptionHandlerExceptionResolver : Resolved [io.jsonwebtoken.security.WeakKeyException: The specified key byte array is 64 bits which is not secure enough for any JWT HMAC-SHA algorithm.  The JWT JWA Specification (RFC 7518, Section 3.2) states that keys used with HMAC-SHA algorithms MUST have a size >= 256 bits (the key size must be greater than or equal to the hash output size).  Consider using the Jwts.SIG.HS256.key() builder (or HS384.key() or HS512.key()) to create a key guaranteed to be secure enough for your preferred HMAC-SHA algorithm.  See https://tools.ietf.org/html/rfc7518#section-3.2 for more information.]
2026-10-08T22:30:00.102-04:00  INFO 1249151 --- [eblumbit] [File Watcher] rtingClassPathChangeChangedEventListener : Restarting due to 1 class path change (0 additions, 0 deletions, 1 modification)
2026-10-08T22:30:00.129-04:00  INFO 1249151 --- [eblumbit] [Thread-1] o.s.boot.tomcat.GracefulShutdown         : Commencing graceful shutdown. Waiting for active requests to complete
2026-10-08T22:30:00.142-04:00  INFO 1249151 --- [eblumbit] [tomcat-shutdown] o.s.boot.tomcat.GracefulShutdown         : Graceful shutdown complete
2026-10-08T22:30:00.178-04:00  INFO 1249151 --- [eblumbit] [Thread-1] j.LocalContainerEntityManagerFactoryBean : Closing JPA EntityManagerFactory for persistence unit 'default'
2026-10-08T22:30:00.371-04:00  INFO 1249151 --- [eblumbit] [Thread-1] com.zaxxer.hikari.HikariDataSource       : HikariPool-1 - Shutdown initiated...
2026-10-08T22:30:00.403-04:00  INFO 1249151 --- [eblumbit] [Thread-1] com.zaxxer.hikari.HikariDataSource       : HikariPool-1 - Shutdown completed.
2026-10-08T22:30:00.929-04:00  INFO 1249151 --- [eblumbit] [restartedMain] c.blumbit.eblumbit.EblumbitApplication   : Starting EblumbitApplication using Java 25.0.1 with PID 1249151 (/home/david/Documents/projects/blumbit/springv6/eblumbit/target/classes started by david in /home/david/Documents/projects/blumbit/springv6/eblumbit)
2026-10-08T22:30:00.930-04:00 DEBUG 1249151 --- [eblumbit] [restartedMain] c.blumbit.eblumbit.EblumbitApplication   : Running with Spring Boot v4.1.1, Spring v7.0.9
2026-10-08T22:30:00.932-04:00  INFO 1249151 --- [eblumbit] [restartedMain] c.blumbit.eblumbit.EblumbitApplication   : No active profile set, falling back to 1 default profile: "default"
2026-10-08T22:30:01.775-04:00  INFO 1249151 --- [eblumbit] [restartedMain] .s.d.r.c.RepositoryConfigurationDelegate : Bootstrapping Spring Data JPA repositories in DEFAULT mode.
2026-10-08T22:30:01.870-04:00  INFO 1249151 --- [eblumbit] [restartedMain] .s.d.r.c.RepositoryConfigurationDelegate : Finished Spring Data repository scanning in 91 ms. Found 12 JPA repository interfaces.
2026-10-08T22:30:03.062-04:00  INFO 1249151 --- [eblumbit] [restartedMain] o.s.boot.tomcat.TomcatWebServer          : Tomcat initialized with port 8090 (http)
2026-10-08T22:30:03.064-04:00  INFO 1249151 --- [eblumbit] [restartedMain] o.apache.catalina.core.StandardService   : Starting service [Tomcat]
2026-10-08T22:30:03.065-04:00  INFO 1249151 --- [eblumbit] [restartedMain] o.apache.catalina.core.StandardEngine    : Starting Servlet engine: [Apache Tomcat/11.0.24]
2026-10-08T22:30:03.094-04:00  INFO 1249151 --- [eblumbit] [restartedMain] b.w.c.s.WebApplicationContextInitializer : Root WebApplicationContext: initialization completed in 2153 ms
2026-10-08T22:30:03.630-04:00  INFO 1249151 --- [eblumbit] [restartedMain] o.s.o.j.p.SpringPersistenceUnitInfo      : No LoadTimeWeaver setup: ignoring JPA class transformer
2026-10-08T22:30:03.633-04:00  INFO 1249151 --- [eblumbit] [restartedMain] com.zaxxer.hikari.HikariDataSource       : HikariPool-2 - Starting...
2026-10-08T22:30:03.860-04:00  INFO 1249151 --- [eblumbit] [restartedMain] com.zaxxer.hikari.pool.HikariPool        : HikariPool-2 - Added connection org.postgresql.jdbc.PgConnection@6060ab07
2026-10-08T22:30:03.861-04:00  INFO 1249151 --- [eblumbit] [restartedMain] com.zaxxer.hikari.HikariDataSource       : HikariPool-2 - Start completed.
2026-10-08T22:30:05.867-04:00  INFO 1249151 --- [eblumbit] [restartedMain] j.LocalContainerEntityManagerFactoryBean : Initialized JPA EntityManagerFactory for persistence unit 'default'
2026-10-08T22:30:06.095-04:00 DEBUG 1249151 --- [eblumbit] [restartedMain] c.b.e.auth.JwtAuthenticationFilter       : Filter 'jwtAuthenticationFilter' configured for use
2026-10-08T22:30:06.166-04:00  INFO 1249151 --- [eblumbit] [restartedMain] eAuthenticationProviderManagerConfigurer : Global AuthenticationManager configured with AuthenticationProvider bean with name authenticationProvider
2026-10-08T22:30:06.168-04:00  WARN 1249151 --- [eblumbit] [restartedMain] r$InitializeUserDetailsManagerConfigurer : Global AuthenticationManager configured with an AuthenticationProvider bean. UserDetailsService beans will not be used by Spring Security for automatically configuring username/password login. Consider removing the AuthenticationProvider bean. Alternatively, consider using the UserDetailsService in a manually instantiated DaoAuthenticationProvider. If the current configuration is intentional, to turn off this warning, increase the logging level of 'org.springframework.security.config.annotation.authentication.configuration.InitializeUserDetailsBeanManagerConfigurer' to ERROR
2026-10-08T22:30:06.978-04:00  WARN 1249151 --- [eblumbit] [restartedMain] JpaBaseConfiguration$JpaWebConfiguration : spring.jpa.open-in-view is enabled by default. Therefore, database queries may be performed during view rendering. Explicitly configure spring.jpa.open-in-view to disable this warning
2026-10-08T22:30:07.703-04:00  INFO 1249151 --- [eblumbit] [restartedMain] o.s.b.a.e.web.EndpointLinksResolver      : Exposing 1 endpoint beneath base path '/actuator'
2026-10-08T22:30:08.243-04:00  INFO 1249151 --- [eblumbit] [restartedMain] o.s.boot.tomcat.TomcatWebServer          : Tomcat started on port 8090 (http) with context path '/'
2026-10-08T22:30:08.263-04:00  INFO 1249151 --- [eblumbit] [restartedMain] c.blumbit.eblumbit.EblumbitApplication   : Started EblumbitApplication in 7.44 seconds (process running for 288.326)
2026-10-08T22:30:08.275-04:00  INFO 1249151 --- [eblumbit] [SpringApplicationShutdownHook] o.s.boot.tomcat.GracefulShutdown         : Commencing graceful shutdown. Waiting for active requests to complete
2026-10-08T22:30:08.298-04:00  INFO 1249151 --- [eblumbit] [tomcat-shutdown] o.s.boot.tomcat.GracefulShutdown         : Graceful shutdown complete
2026-10-08T22:30:08.330-04:00  INFO 1249151 --- [eblumbit] [SpringApplicationShutdownHook] j.LocalContainerEntityManagerFactoryBean : Closing JPA EntityManagerFactory for persistence unit 'default'
2026-10-08T22:30:13.820-04:00  INFO 1249151 --- [eblumbit] [SpringApplicationShutdownHook] com.zaxxer.hikari.HikariDataSource       : HikariPool-2 - Shutdown initiated...
2026-10-08T22:30:13.857-04:00  INFO 1249151 --- [eblumbit] [SpringApplicationShutdownHook] com.zaxxer.hikari.HikariDataSource       : HikariPool-2 - Shutdown completed.
2026-10-08T22:30:32.261-04:00  INFO 1272980 --- [eblumbit] [restartedMain] c.blumbit.eblumbit.EblumbitApplication   : Starting EblumbitApplication using Java 25.0.1 with PID 1272980 (/home/david/Documents/projects/blumbit/springv6/eblumbit/target/classes started by david in /home/david/Documents/projects/blumbit/springv6/eblumbit)
2026-10-08T22:30:32.278-04:00 DEBUG 1272980 --- [eblumbit] [restartedMain] c.blumbit.eblumbit.EblumbitApplication   : Running with Spring Boot v4.1.1, Spring v7.0.9
2026-10-08T22:30:32.284-04:00  INFO 1272980 --- [eblumbit] [restartedMain] c.blumbit.eblumbit.EblumbitApplication   : No active profile set, falling back to 1 default profile: "default"
2026-10-08T22:30:32.572-04:00  INFO 1272980 --- [eblumbit] [restartedMain] .e.DevToolsPropertyDefaultsPostProcessor : Devtools property defaults active! Set 'spring.devtools.add-properties' to 'false' to disable
2026-10-08T22:30:32.577-04:00  INFO 1272980 --- [eblumbit] [restartedMain] .e.DevToolsPropertyDefaultsPostProcessor : For additional web related logging consider setting the 'logging.level.web' property to 'DEBUG'
2026-10-08T22:30:36.221-04:00  INFO 1272980 --- [eblumbit] [restartedMain] .s.d.r.c.RepositoryConfigurationDelegate : Bootstrapping Spring Data JPA repositories in DEFAULT mode.
2026-10-08T22:30:36.475-04:00  INFO 1272980 --- [eblumbit] [restartedMain] .s.d.r.c.RepositoryConfigurationDelegate : Finished Spring Data repository scanning in 228 ms. Found 12 JPA repository interfaces.
2026-10-08T22:30:38.248-04:00  INFO 1272980 --- [eblumbit] [restartedMain] o.s.boot.tomcat.TomcatWebServer          : Tomcat initialized with port 8090 (http)
2026-10-08T22:30:38.274-04:00  INFO 1272980 --- [eblumbit] [restartedMain] o.apache.catalina.core.StandardService   : Starting service [Tomcat]
2026-10-08T22:30:38.277-04:00  INFO 1272980 --- [eblumbit] [restartedMain] o.apache.catalina.core.StandardEngine    : Starting Servlet engine: [Apache Tomcat/11.0.24]
2026-10-08T22:30:38.358-04:00  INFO 1272980 --- [eblumbit] [restartedMain] b.w.c.s.WebApplicationContextInitializer : Root WebApplicationContext: initialization completed in 5776 ms
2026-10-08T22:30:40.455-04:00  INFO 1272980 --- [eblumbit] [restartedMain] o.s.o.j.p.SpringPersistenceUnitInfo      : No LoadTimeWeaver setup: ignoring JPA class transformer
2026-10-08T22:30:40.518-04:00  INFO 1272980 --- [eblumbit] [restartedMain] com.zaxxer.hikari.HikariDataSource       : HikariPool-1 - Starting...
2026-10-08T22:30:41.414-04:00  INFO 1272980 --- [eblumbit] [restartedMain] com.zaxxer.hikari.pool.HikariPool        : HikariPool-1 - Added connection org.postgresql.jdbc.PgConnection@2bfdc9d
2026-10-08T22:30:41.417-04:00  INFO 1272980 --- [eblumbit] [restartedMain] com.zaxxer.hikari.HikariDataSource       : HikariPool-1 - Start completed.
2026-10-08T22:30:46.239-04:00  INFO 1272980 --- [eblumbit] [restartedMain] j.LocalContainerEntityManagerFactoryBean : Initialized JPA EntityManagerFactory for persistence unit 'default'
2026-10-08T22:30:46.443-04:00  INFO 1272980 --- [eblumbit] [restartedMain] o.s.d.j.r.query.QueryEnhancerFactories   : Hibernate is in classpath; If applicable, HQL parser will be used.
2026-10-08T22:30:47.041-04:00 DEBUG 1272980 --- [eblumbit] [restartedMain] c.b.e.auth.JwtAuthenticationFilter       : Filter 'jwtAuthenticationFilter' configured for use
2026-10-08T22:30:47.314-04:00  INFO 1272980 --- [eblumbit] [restartedMain] eAuthenticationProviderManagerConfigurer : Global AuthenticationManager configured with AuthenticationProvider bean with name authenticationProvider
2026-10-08T22:30:47.315-04:00  WARN 1272980 --- [eblumbit] [restartedMain] r$InitializeUserDetailsManagerConfigurer : Global AuthenticationManager configured with an AuthenticationProvider bean. UserDetailsService beans will not be used by Spring Security for automatically configuring username/password login. Consider removing the AuthenticationProvider bean. Alternatively, consider using the UserDetailsService in a manually instantiated DaoAuthenticationProvider. If the current configuration is intentional, to turn off this warning, increase the logging level of 'org.springframework.security.config.annotation.authentication.configuration.InitializeUserDetailsBeanManagerConfigurer' to ERROR
2026-10-08T22:30:48.551-04:00  WARN 1272980 --- [eblumbit] [restartedMain] JpaBaseConfiguration$JpaWebConfiguration : spring.jpa.open-in-view is enabled by default. Therefore, database queries may be performed during view rendering. Explicitly configure spring.jpa.open-in-view to disable this warning
2026-10-08T22:30:49.806-04:00  INFO 1272980 --- [eblumbit] [restartedMain] o.s.b.a.e.web.EndpointLinksResolver      : Exposing 1 endpoint beneath base path '/actuator'
2026-10-08T22:30:50.955-04:00  INFO 1272980 --- [eblumbit] [restartedMain] o.s.boot.tomcat.TomcatWebServer          : Tomcat started on port 8090 (http) with context path '/'
2026-10-08T22:30:50.973-04:00  INFO 1272980 --- [eblumbit] [restartedMain] c.blumbit.eblumbit.EblumbitApplication   : Started EblumbitApplication in 20.074 seconds (process running for 21.22)
2026-10-08T22:30:57.929-04:00  WARN 1272980 --- [eblumbit] [restartedMain] o.s.core.events.SpringDocAppInitializer  : SpringDoc /v3/api-docs endpoint is enabled by default. To disable it in production, set the property 'springdoc.api-docs.enabled=false'
2026-10-08T22:30:57.930-04:00  WARN 1272980 --- [eblumbit] [restartedMain] o.s.core.events.SpringDocAppInitializer  : SpringDoc /swagger-ui.html endpoint is enabled by default. To disable it in production, set the property 'springdoc.swagger-ui.enabled=false'
2026-10-08T22:31:43.406-04:00  INFO 1272980 --- [eblumbit] [http-nio-8090-exec-2] o.a.c.c.C.[Tomcat].[localhost].[/]       : Initializing Spring DispatcherServlet 'dispatcherServlet'
2026-10-08T22:38:01.472-04:00  INFO 1272980 --- [eblumbit] [File Watcher] rtingClassPathChangeChangedEventListener : Restarting due to 1 class path change (0 additions, 0 deletions, 1 modification)
2026-10-08T22:38:01.504-04:00  INFO 1272980 --- [eblumbit] [Thread-1] o.s.boot.tomcat.GracefulShutdown         : Commencing graceful shutdown. Waiting for active requests to complete
2026-10-08T22:38:01.518-04:00  INFO 1272980 --- [eblumbit] [tomcat-shutdown] o.s.boot.tomcat.GracefulShutdown         : Graceful shutdown complete
2026-10-08T22:38:01.598-04:00  INFO 1272980 --- [eblumbit] [Thread-1] j.LocalContainerEntityManagerFactoryBean : Closing JPA EntityManagerFactory for persistence unit 'default'
2026-10-08T22:38:01.769-04:00  INFO 1272980 --- [eblumbit] [Thread-1] com.zaxxer.hikari.HikariDataSource       : HikariPool-1 - Shutdown initiated...
2026-10-08T22:38:01.820-04:00  INFO 1272980 --- [eblumbit] [Thread-1] com.zaxxer.hikari.HikariDataSource       : HikariPool-1 - Shutdown completed.
2026-10-08T22:38:02.363-04:00  INFO 1272980 --- [eblumbit] [restartedMain] c.blumbit.eblumbit.EblumbitApplication   : Starting EblumbitApplication using Java 25.0.1 with PID 1272980 (/home/david/Documents/projects/blumbit/springv6/eblumbit/target/classes started by david in /home/david/Documents/projects/blumbit/springv6/eblumbit)
2026-10-08T22:38:02.364-04:00 DEBUG 1272980 --- [eblumbit] [restartedMain] c.blumbit.eblumbit.EblumbitApplication   : Running with Spring Boot v4.1.1, Spring v7.0.9
2026-10-08T22:38:02.364-04:00  INFO 1272980 --- [eblumbit] [restartedMain] c.blumbit.eblumbit.EblumbitApplication   : No active profile set, falling back to 1 default profile: "default"
2026-10-08T22:38:04.635-04:00  INFO 1272980 --- [eblumbit] [restartedMain] .s.d.r.c.RepositoryConfigurationDelegate : Bootstrapping Spring Data JPA repositories in DEFAULT mode.
2026-10-08T22:38:04.729-04:00  INFO 1272980 --- [eblumbit] [restartedMain] .s.d.r.c.RepositoryConfigurationDelegate : Finished Spring Data repository scanning in 89 ms. Found 12 JPA repository interfaces.
2026-10-08T22:38:05.334-04:00  INFO 1272980 --- [eblumbit] [restartedMain] o.s.boot.tomcat.TomcatWebServer          : Tomcat initialized with port 8090 (http)
2026-10-08T22:38:05.336-04:00  INFO 1272980 --- [eblumbit] [restartedMain] o.apache.catalina.core.StandardService   : Starting service [Tomcat]
2026-10-08T22:38:05.337-04:00  INFO 1272980 --- [eblumbit] [restartedMain] o.apache.catalina.core.StandardEngine    : Starting Servlet engine: [Apache Tomcat/11.0.24]
2026-10-08T22:38:05.360-04:00  INFO 1272980 --- [eblumbit] [restartedMain] b.w.c.s.WebApplicationContextInitializer : Root WebApplicationContext: initialization completed in 2993 ms
2026-10-08T22:38:05.680-04:00  INFO 1272980 --- [eblumbit] [restartedMain] o.s.o.j.p.SpringPersistenceUnitInfo      : No LoadTimeWeaver setup: ignoring JPA class transformer
2026-10-08T22:38:05.684-04:00  INFO 1272980 --- [eblumbit] [restartedMain] com.zaxxer.hikari.HikariDataSource       : HikariPool-2 - Starting...
2026-10-08T22:38:05.758-04:00  INFO 1272980 --- [eblumbit] [restartedMain] com.zaxxer.hikari.pool.HikariPool        : HikariPool-2 - Added connection org.postgresql.jdbc.PgConnection@706d5bf3
2026-10-08T22:38:05.758-04:00  INFO 1272980 --- [eblumbit] [restartedMain] com.zaxxer.hikari.HikariDataSource       : HikariPool-2 - Start completed.
2026-10-08T22:38:07.132-04:00  INFO 1272980 --- [eblumbit] [restartedMain] j.LocalContainerEntityManagerFactoryBean : Initialized JPA EntityManagerFactory for persistence unit 'default'
2026-10-08T22:38:07.363-04:00 DEBUG 1272980 --- [eblumbit] [restartedMain] c.b.e.auth.JwtAuthenticationFilter       : Filter 'jwtAuthenticationFilter' configured for use
2026-10-08T22:38:07.457-04:00  INFO 1272980 --- [eblumbit] [restartedMain] eAuthenticationProviderManagerConfigurer : Global AuthenticationManager configured with AuthenticationProvider bean with name authenticationProvider
2026-10-08T22:38:07.458-04:00  WARN 1272980 --- [eblumbit] [restartedMain] r$InitializeUserDetailsManagerConfigurer : Global AuthenticationManager configured with an AuthenticationProvider bean. UserDetailsService beans will not be used by Spring Security for automatically configuring username/password login. Consider removing the AuthenticationProvider bean. Alternatively, consider using the UserDetailsService in a manually instantiated DaoAuthenticationProvider. If the current configuration is intentional, to turn off this warning, increase the logging level of 'org.springframework.security.config.annotation.authentication.configuration.InitializeUserDetailsBeanManagerConfigurer' to ERROR
2026-10-08T22:38:08.307-04:00  WARN 1272980 --- [eblumbit] [restartedMain] JpaBaseConfiguration$JpaWebConfiguration : spring.jpa.open-in-view is enabled by default. Therefore, database queries may be performed during view rendering. Explicitly configure spring.jpa.open-in-view to disable this warning
2026-10-08T22:38:09.262-04:00  INFO 1272980 --- [eblumbit] [restartedMain] o.s.b.a.e.web.EndpointLinksResolver      : Exposing 1 endpoint beneath base path '/actuator'
2026-10-08T22:38:09.805-04:00  INFO 1272980 --- [eblumbit] [restartedMain] o.s.boot.tomcat.TomcatWebServer          : Tomcat started on port 8090 (http) with context path '/'
2026-10-08T22:38:09.827-04:00  INFO 1272980 --- [eblumbit] [restartedMain] c.blumbit.eblumbit.EblumbitApplication   : Started EblumbitApplication in 7.646 seconds (process running for 460.074)
2026-10-08T22:38:11.106-04:00  INFO 1272980 --- [eblumbit] [File Watcher] rtingClassPathChangeChangedEventListener : Restarting due to 1 class path change (0 additions, 0 deletions, 1 modification)
2026-10-08T22:38:11.114-04:00  INFO 1272980 --- [eblumbit] [Thread-5] o.s.boot.tomcat.GracefulShutdown         : Commencing graceful shutdown. Waiting for active requests to complete
2026-10-08T22:38:11.120-04:00  INFO 1272980 --- [eblumbit] [tomcat-shutdown] o.s.boot.tomcat.GracefulShutdown         : Graceful shutdown complete
2026-10-08T22:38:11.147-04:00  INFO 1272980 --- [eblumbit] [Thread-5] j.LocalContainerEntityManagerFactoryBean : Closing JPA EntityManagerFactory for persistence unit 'default'
2026-10-08T22:38:14.989-04:00  INFO 1272980 --- [eblumbit] [Thread-5] com.zaxxer.hikari.HikariDataSource       : HikariPool-2 - Shutdown initiated...
2026-10-08T22:38:15.028-04:00  INFO 1272980 --- [eblumbit] [Thread-5] com.zaxxer.hikari.HikariDataSource       : HikariPool-2 - Shutdown completed.
2026-10-08T22:38:15.433-04:00  INFO 1272980 --- [eblumbit] [restartedMain] c.blumbit.eblumbit.EblumbitApplication   : Starting EblumbitApplication using Java 25.0.1 with PID 1272980 (/home/david/Documents/projects/blumbit/springv6/eblumbit/target/classes started by david in /home/david/Documents/projects/blumbit/springv6/eblumbit)
2026-10-08T22:38:15.434-04:00 DEBUG 1272980 --- [eblumbit] [restartedMain] c.blumbit.eblumbit.EblumbitApplication   : Running with Spring Boot v4.1.1, Spring v7.0.9
2026-10-08T22:38:15.435-04:00  INFO 1272980 --- [eblumbit] [restartedMain] c.blumbit.eblumbit.EblumbitApplication   : No active profile set, falling back to 1 default profile: "default"
2026-10-08T22:38:16.126-04:00  INFO 1272980 --- [eblumbit] [restartedMain] .s.d.r.c.RepositoryConfigurationDelegate : Bootstrapping Spring Data JPA repositories in DEFAULT mode.
2026-10-08T22:38:16.179-04:00  INFO 1272980 --- [eblumbit] [restartedMain] .s.d.r.c.RepositoryConfigurationDelegate : Finished Spring Data repository scanning in 45 ms. Found 12 JPA repository interfaces.
2026-10-08T22:38:16.618-04:00  INFO 1272980 --- [eblumbit] [restartedMain] o.s.boot.tomcat.TomcatWebServer          : Tomcat initialized with port 8090 (http)
2026-10-08T22:38:16.622-04:00  INFO 1272980 --- [eblumbit] [restartedMain] o.apache.catalina.core.StandardService   : Starting service [Tomcat]
2026-10-08T22:38:16.622-04:00  INFO 1272980 --- [eblumbit] [restartedMain] o.apache.catalina.core.StandardEngine    : Starting Servlet engine: [Apache Tomcat/11.0.24]
2026-10-08T22:38:16.647-04:00  INFO 1272980 --- [eblumbit] [restartedMain] b.w.c.s.WebApplicationContextInitializer : Root WebApplicationContext: initialization completed in 1206 ms
2026-10-08T22:38:17.012-04:00  INFO 1272980 --- [eblumbit] [restartedMain] o.s.o.j.p.SpringPersistenceUnitInfo      : No LoadTimeWeaver setup: ignoring JPA class transformer
2026-10-08T22:38:17.014-04:00  INFO 1272980 --- [eblumbit] [restartedMain] com.zaxxer.hikari.HikariDataSource       : HikariPool-3 - Starting...
2026-10-08T22:38:17.071-04:00  INFO 1272980 --- [eblumbit] [restartedMain] com.zaxxer.hikari.pool.HikariPool        : HikariPool-3 - Added connection org.postgresql.jdbc.PgConnection@4dd967d0
2026-10-08T22:38:17.072-04:00  INFO 1272980 --- [eblumbit] [restartedMain] com.zaxxer.hikari.HikariDataSource       : HikariPool-3 - Start completed.
2026-10-08T22:38:18.348-04:00  INFO 1272980 --- [eblumbit] [restartedMain] j.LocalContainerEntityManagerFactoryBean : Initialized JPA EntityManagerFactory for persistence unit 'default'
2026-10-08T22:38:18.663-04:00 DEBUG 1272980 --- [eblumbit] [restartedMain] c.b.e.auth.JwtAuthenticationFilter       : Filter 'jwtAuthenticationFilter' configured for use
2026-10-08T22:38:18.739-04:00  INFO 1272980 --- [eblumbit] [restartedMain] eAuthenticationProviderManagerConfigurer : Global AuthenticationManager configured with AuthenticationProvider bean with name authenticationProvider
2026-10-08T22:38:18.740-04:00  WARN 1272980 --- [eblumbit] [restartedMain] r$InitializeUserDetailsManagerConfigurer : Global AuthenticationManager configured with an AuthenticationProvider bean. UserDetailsService beans will not be used by Spring Security for automatically configuring username/password login. Consider removing the AuthenticationProvider bean. Alternatively, consider using the UserDetailsService in a manually instantiated DaoAuthenticationProvider. If the current configuration is intentional, to turn off this warning, increase the logging level of 'org.springframework.security.config.annotation.authentication.configuration.InitializeUserDetailsBeanManagerConfigurer' to ERROR
2026-10-08T22:38:19.640-04:00  WARN 1272980 --- [eblumbit] [restartedMain] JpaBaseConfiguration$JpaWebConfiguration : spring.jpa.open-in-view is enabled by default. Therefore, database queries may be performed during view rendering. Explicitly configure spring.jpa.open-in-view to disable this warning
2026-10-08T22:38:20.295-04:00  INFO 1272980 --- [eblumbit] [restartedMain] o.s.b.a.e.web.EndpointLinksResolver      : Exposing 1 endpoint beneath base path '/actuator'
2026-10-08T22:38:20.905-04:00  INFO 1272980 --- [eblumbit] [restartedMain] o.s.boot.tomcat.TomcatWebServer          : Tomcat started on port 8090 (http) with context path '/'
2026-10-08T22:38:20.920-04:00  INFO 1272980 --- [eblumbit] [restartedMain] c.blumbit.eblumbit.EblumbitApplication   : Started EblumbitApplication in 5.585 seconds (process running for 471.168)
2026-10-08T22:38:25.872-04:00  WARN 1272980 --- [eblumbit] [restartedMain] o.s.core.events.SpringDocAppInitializer  : SpringDoc /v3/api-docs endpoint is enabled by default. To disable it in production, set the property 'springdoc.api-docs.enabled=false'
2026-10-08T22:38:25.874-04:00  WARN 1272980 --- [eblumbit] [restartedMain] o.s.core.events.SpringDocAppInitializer  : SpringDoc /swagger-ui.html endpoint is enabled by default. To disable it in production, set the property 'springdoc.swagger-ui.enabled=false'
2026-10-08T22:38:25.878-04:00  INFO 1272980 --- [eblumbit] [restartedMain] .ConditionEvaluationDeltaLoggingListener : Condition evaluation unchanged
2026-10-08T22:38:35.405-04:00  INFO 1272980 --- [eblumbit] [http-nio-8090-exec-2] o.a.c.c.C.[Tomcat].[localhost].[/]       : Initializing Spring DispatcherServlet 'dispatcherServlet'
2026-10-08T22:39:47.528-04:00  INFO 1272980 --- [eblumbit] [File Watcher] rtingClassPathChangeChangedEventListener : Restarting due to 1 class path change (0 additions, 0 deletions, 1 modification)
2026-10-08T22:39:47.533-04:00  INFO 1272980 --- [eblumbit] [Thread-9] o.s.boot.tomcat.GracefulShutdown         : Commencing graceful shutdown. Waiting for active requests to complete
2026-10-08T22:39:47.543-04:00  INFO 1272980 --- [eblumbit] [tomcat-shutdown] o.s.boot.tomcat.GracefulShutdown         : Graceful shutdown complete
2026-10-08T22:39:47.553-04:00  INFO 1272980 --- [eblumbit] [Thread-9] j.LocalContainerEntityManagerFactoryBean : Closing JPA EntityManagerFactory for persistence unit 'default'
2026-10-08T22:39:47.685-04:00  INFO 1272980 --- [eblumbit] [Thread-9] com.zaxxer.hikari.HikariDataSource       : HikariPool-3 - Shutdown initiated...
2026-10-08T22:39:47.724-04:00  INFO 1272980 --- [eblumbit] [Thread-9] com.zaxxer.hikari.HikariDataSource       : HikariPool-3 - Shutdown completed.
2026-10-08T22:39:48.153-04:00  INFO 1272980 --- [eblumbit] [restartedMain] c.blumbit.eblumbit.EblumbitApplication   : Starting EblumbitApplication using Java 25.0.1 with PID 1272980 (/home/david/Documents/projects/blumbit/springv6/eblumbit/target/classes started by david in /home/david/Documents/projects/blumbit/springv6/eblumbit)
2026-10-08T22:39:48.156-04:00 DEBUG 1272980 --- [eblumbit] [restartedMain] c.blumbit.eblumbit.EblumbitApplication   : Running with Spring Boot v4.1.1, Spring v7.0.9
2026-10-08T22:39:48.156-04:00  INFO 1272980 --- [eblumbit] [restartedMain] c.blumbit.eblumbit.EblumbitApplication   : No active profile set, falling back to 1 default profile: "default"
2026-10-08T22:39:49.246-04:00  INFO 1272980 --- [eblumbit] [restartedMain] .s.d.r.c.RepositoryConfigurationDelegate : Bootstrapping Spring Data JPA repositories in DEFAULT mode.
2026-10-08T22:39:49.342-04:00  INFO 1272980 --- [eblumbit] [restartedMain] .s.d.r.c.RepositoryConfigurationDelegate : Finished Spring Data repository scanning in 86 ms. Found 12 JPA repository interfaces.
2026-10-08T22:39:49.911-04:00  INFO 1272980 --- [eblumbit] [restartedMain] o.s.boot.tomcat.TomcatWebServer          : Tomcat initialized with port 8090 (http)
2026-10-08T22:39:49.944-04:00  INFO 1272980 --- [eblumbit] [restartedMain] b.w.c.s.WebApplicationContextInitializer : Root WebApplicationContext: initialization completed in 1784 ms
2026-10-08T22:39:50.402-04:00  INFO 1272980 --- [eblumbit] [restartedMain] o.s.o.j.p.SpringPersistenceUnitInfo      : No LoadTimeWeaver setup: ignoring JPA class transformer
2026-10-08T22:39:50.404-04:00  INFO 1272980 --- [eblumbit] [restartedMain] com.zaxxer.hikari.HikariDataSource       : HikariPool-4 - Starting...
2026-10-08T22:39:50.476-04:00  INFO 1272980 --- [eblumbit] [restartedMain] com.zaxxer.hikari.pool.HikariPool        : HikariPool-4 - Added connection org.postgresql.jdbc.PgConnection@5ebbe20b
2026-10-08T22:39:50.477-04:00  INFO 1272980 --- [eblumbit] [restartedMain] com.zaxxer.hikari.HikariDataSource       : HikariPool-4 - Start completed.
2026-10-08T22:39:51.803-04:00  INFO 1272980 --- [eblumbit] [restartedMain] j.LocalContainerEntityManagerFactoryBean : Initialized JPA EntityManagerFactory for persistence unit 'default'
2026-10-08T22:39:52.087-04:00 DEBUG 1272980 --- [eblumbit] [restartedMain] c.b.e.auth.JwtAuthenticationFilter       : Filter 'jwtAuthenticationFilter' configured for use
2026-10-08T22:39:52.205-04:00  INFO 1272980 --- [eblumbit] [restartedMain] eAuthenticationProviderManagerConfigurer : Global AuthenticationManager configured with AuthenticationProvider bean with name authenticationProvider
2026-10-08T22:39:52.208-04:00  WARN 1272980 --- [eblumbit] [restartedMain] r$InitializeUserDetailsManagerConfigurer : Global AuthenticationManager configured with an AuthenticationProvider bean. UserDetailsService beans will not be used by Spring Security for automatically configuring username/password login. Consider removing the AuthenticationProvider bean. Alternatively, consider using the UserDetailsService in a manually instantiated DaoAuthenticationProvider. If the current configuration is intentional, to turn off this warning, increase the logging level of 'org.springframework.security.config.annotation.authentication.configuration.InitializeUserDetailsBeanManagerConfigurer' to ERROR
2026-10-08T22:39:53.077-04:00  WARN 1272980 --- [eblumbit] [restartedMain] JpaBaseConfiguration$JpaWebConfiguration : spring.jpa.open-in-view is enabled by default. Therefore, database queries may be performed during view rendering. Explicitly configure spring.jpa.open-in-view to disable this warning
2026-10-08T22:39:54.035-04:00  INFO 1272980 --- [eblumbit] [restartedMain] o.s.b.a.e.web.EndpointLinksResolver      : Exposing 1 endpoint beneath base path '/actuator'
2026-10-08T22:39:54.670-04:00  INFO 1272980 --- [eblumbit] [restartedMain] o.s.boot.tomcat.TomcatWebServer          : Tomcat started on port 8090 (http) with context path '/'
2026-10-08T22:39:54.684-04:00  INFO 1272980 --- [eblumbit] [restartedMain] c.blumbit.eblumbit.EblumbitApplication   : Started EblumbitApplication in 6.621 seconds (process running for 564.931)
2026-10-08T22:39:54.686-04:00  INFO 1272980 --- [eblumbit] [SpringApplicationShutdownHook] o.s.boot.tomcat.GracefulShutdown         : Commencing graceful shutdown. Waiting for active requests to complete
2026-10-08T22:39:54.695-04:00  INFO 1272980 --- [eblumbit] [tomcat-shutdown] o.s.boot.tomcat.GracefulShutdown         : Graceful shutdown complete
2026-10-08T22:39:54.723-04:00  INFO 1272980 --- [eblumbit] [SpringApplicationShutdownHook] j.LocalContainerEntityManagerFactoryBean : Closing JPA EntityManagerFactory for persistence unit 'default'
2026-10-08T22:39:58.392-04:00  INFO 1272980 --- [eblumbit] [SpringApplicationShutdownHook] com.zaxxer.hikari.HikariDataSource       : HikariPool-4 - Shutdown initiated...
2026-10-08T22:39:58.424-04:00  INFO 1272980 --- [eblumbit] [SpringApplicationShutdownHook] com.zaxxer.hikari.HikariDataSource       : HikariPool-4 - Shutdown completed.
2026-10-08T22:40:21.530-04:00  INFO 1317081 --- [eblumbit] [restartedMain] c.blumbit.eblumbit.EblumbitApplication   : Starting EblumbitApplication using Java 25.0.1 with PID 1317081 (/home/david/Documents/projects/blumbit/springv6/eblumbit/target/classes started by david in /home/david/Documents/projects/blumbit/springv6/eblumbit)
2026-10-08T22:40:21.541-04:00 DEBUG 1317081 --- [eblumbit] [restartedMain] c.blumbit.eblumbit.EblumbitApplication   : Running with Spring Boot v4.1.1, Spring v7.0.9
2026-10-08T22:40:21.549-04:00  INFO 1317081 --- [eblumbit] [restartedMain] c.blumbit.eblumbit.EblumbitApplication   : No active profile set, falling back to 1 default profile: "default"
2026-10-08T22:40:21.803-04:00  INFO 1317081 --- [eblumbit] [restartedMain] .e.DevToolsPropertyDefaultsPostProcessor : Devtools property defaults active! Set 'spring.devtools.add-properties' to 'false' to disable
2026-10-08T22:40:21.807-04:00  INFO 1317081 --- [eblumbit] [restartedMain] .e.DevToolsPropertyDefaultsPostProcessor : For additional web related logging consider setting the 'logging.level.web' property to 'DEBUG'
2026-10-08T22:40:25.981-04:00  INFO 1317081 --- [eblumbit] [restartedMain] .s.d.r.c.RepositoryConfigurationDelegate : Bootstrapping Spring Data JPA repositories in DEFAULT mode.
2026-10-08T22:40:26.234-04:00  INFO 1317081 --- [eblumbit] [restartedMain] .s.d.r.c.RepositoryConfigurationDelegate : Finished Spring Data repository scanning in 175 ms. Found 12 JPA repository interfaces.
2026-10-08T22:40:28.229-04:00  INFO 1317081 --- [eblumbit] [restartedMain] o.s.boot.tomcat.TomcatWebServer          : Tomcat initialized with port 8090 (http)
2026-10-08T22:40:28.259-04:00  INFO 1317081 --- [eblumbit] [restartedMain] o.apache.catalina.core.StandardService   : Starting service [Tomcat]
2026-10-08T22:40:28.273-04:00  INFO 1317081 --- [eblumbit] [restartedMain] o.apache.catalina.core.StandardEngine    : Starting Servlet engine: [Apache Tomcat/11.0.24]
2026-10-08T22:40:28.361-04:00  INFO 1317081 --- [eblumbit] [restartedMain] b.w.c.s.WebApplicationContextInitializer : Root WebApplicationContext: initialization completed in 6550 ms
2026-10-08T22:40:30.371-04:00  INFO 1317081 --- [eblumbit] [restartedMain] o.s.o.j.p.SpringPersistenceUnitInfo      : No LoadTimeWeaver setup: ignoring JPA class transformer
2026-10-08T22:40:30.436-04:00  INFO 1317081 --- [eblumbit] [restartedMain] com.zaxxer.hikari.HikariDataSource       : HikariPool-1 - Starting...
2026-10-08T22:40:31.293-04:00  INFO 1317081 --- [eblumbit] [restartedMain] com.zaxxer.hikari.pool.HikariPool        : HikariPool-1 - Added connection org.postgresql.jdbc.PgConnection@2bfdc9d
2026-10-08T22:40:31.296-04:00  INFO 1317081 --- [eblumbit] [restartedMain] com.zaxxer.hikari.HikariDataSource       : HikariPool-1 - Start completed.
2026-10-08T22:40:36.185-04:00  INFO 1317081 --- [eblumbit] [restartedMain] j.LocalContainerEntityManagerFactoryBean : Initialized JPA EntityManagerFactory for persistence unit 'default'
2026-10-08T22:40:36.390-04:00  INFO 1317081 --- [eblumbit] [restartedMain] o.s.d.j.r.query.QueryEnhancerFactories   : Hibernate is in classpath; If applicable, HQL parser will be used.
2026-10-08T22:40:37.079-04:00 DEBUG 1317081 --- [eblumbit] [restartedMain] c.b.e.auth.JwtAuthenticationFilter       : Filter 'jwtAuthenticationFilter' configured for use
2026-10-08T22:40:37.327-04:00  INFO 1317081 --- [eblumbit] [restartedMain] eAuthenticationProviderManagerConfigurer : Global AuthenticationManager configured with AuthenticationProvider bean with name authenticationProvider
2026-10-08T22:40:37.329-04:00  WARN 1317081 --- [eblumbit] [restartedMain] r$InitializeUserDetailsManagerConfigurer : Global AuthenticationManager configured with an AuthenticationProvider bean. UserDetailsService beans will not be used by Spring Security for automatically configuring username/password login. Consider removing the AuthenticationProvider bean. Alternatively, consider using the UserDetailsService in a manually instantiated DaoAuthenticationProvider. If the current configuration is intentional, to turn off this warning, increase the logging level of 'org.springframework.security.config.annotation.authentication.configuration.InitializeUserDetailsBeanManagerConfigurer' to ERROR
2026-10-08T22:40:38.537-04:00  WARN 1317081 --- [eblumbit] [restartedMain] JpaBaseConfiguration$JpaWebConfiguration : spring.jpa.open-in-view is enabled by default. Therefore, database queries may be performed during view rendering. Explicitly configure spring.jpa.open-in-view to disable this warning
2026-10-08T22:40:40.302-04:00  INFO 1317081 --- [eblumbit] [restartedMain] o.s.b.a.e.web.EndpointLinksResolver      : Exposing 1 endpoint beneath base path '/actuator'
2026-10-08T22:40:41.721-04:00  INFO 1317081 --- [eblumbit] [restartedMain] o.s.boot.tomcat.TomcatWebServer          : Tomcat started on port 8090 (http) with context path '/'
2026-10-08T22:40:41.758-04:00  INFO 1317081 --- [eblumbit] [restartedMain] c.blumbit.eblumbit.EblumbitApplication   : Started EblumbitApplication in 22.158 seconds (process running for 24.398)
2026-10-08T22:40:49.162-04:00  WARN 1317081 --- [eblumbit] [restartedMain] o.s.core.events.SpringDocAppInitializer  : SpringDoc /v3/api-docs endpoint is enabled by default. To disable it in production, set the property 'springdoc.api-docs.enabled=false'
2026-10-08T22:40:49.163-04:00  WARN 1317081 --- [eblumbit] [restartedMain] o.s.core.events.SpringDocAppInitializer  : SpringDoc /swagger-ui.html endpoint is enabled by default. To disable it in production, set the property 'springdoc.swagger-ui.enabled=false'
2026-10-08T22:42:09.797-04:00  INFO 1317081 --- [eblumbit] [http-nio-8090-exec-2] o.a.c.c.C.[Tomcat].[localhost].[/]       : Initializing Spring DispatcherServlet 'dispatcherServlet'
2026-10-08T22:45:43.459-04:00  INFO 1317081 --- [eblumbit] [File Watcher] rtingClassPathChangeChangedEventListener : Restarting due to 1 class path change (0 additions, 0 deletions, 1 modification)
2026-10-08T22:45:43.467-04:00  INFO 1317081 --- [eblumbit] [Thread-1] o.s.boot.tomcat.GracefulShutdown         : Commencing graceful shutdown. Waiting for active requests to complete
2026-10-08T22:45:43.472-04:00  INFO 1317081 --- [eblumbit] [tomcat-shutdown] o.s.boot.tomcat.GracefulShutdown         : Graceful shutdown complete
2026-10-08T22:45:43.492-04:00  INFO 1317081 --- [eblumbit] [Thread-1] j.LocalContainerEntityManagerFactoryBean : Closing JPA EntityManagerFactory for persistence unit 'default'
2026-10-08T22:45:43.625-04:00  INFO 1317081 --- [eblumbit] [Thread-1] com.zaxxer.hikari.HikariDataSource       : HikariPool-1 - Shutdown initiated...
2026-10-08T22:45:43.655-04:00  INFO 1317081 --- [eblumbit] [Thread-1] com.zaxxer.hikari.HikariDataSource       : HikariPool-1 - Shutdown completed.
2026-10-08T22:45:44.183-04:00  INFO 1317081 --- [eblumbit] [restartedMain] c.blumbit.eblumbit.EblumbitApplication   : Starting EblumbitApplication using Java 25.0.1 with PID 1317081 (/home/david/Documents/projects/blumbit/springv6/eblumbit/target/classes started by david in /home/david/Documents/projects/blumbit/springv6/eblumbit)
2026-10-08T22:45:44.184-04:00 DEBUG 1317081 --- [eblumbit] [restartedMain] c.blumbit.eblumbit.EblumbitApplication   : Running with Spring Boot v4.1.1, Spring v7.0.9
2026-10-08T22:45:44.187-04:00  INFO 1317081 --- [eblumbit] [restartedMain] c.blumbit.eblumbit.EblumbitApplication   : No active profile set, falling back to 1 default profile: "default"
2026-10-08T22:45:45.241-04:00  INFO 1317081 --- [eblumbit] [restartedMain] .s.d.r.c.RepositoryConfigurationDelegate : Bootstrapping Spring Data JPA repositories in DEFAULT mode.
2026-10-08T22:45:45.342-04:00  INFO 1317081 --- [eblumbit] [restartedMain] .s.d.r.c.RepositoryConfigurationDelegate : Finished Spring Data repository scanning in 96 ms. Found 12 JPA repository interfaces.
2026-10-08T22:45:46.071-04:00  INFO 1317081 --- [eblumbit] [restartedMain] o.s.boot.tomcat.TomcatWebServer          : Tomcat initialized with port 8090 (http)
2026-10-08T22:45:46.074-04:00  INFO 1317081 --- [eblumbit] [restartedMain] o.apache.catalina.core.StandardService   : Starting service [Tomcat]
2026-10-08T22:45:46.077-04:00  INFO 1317081 --- [eblumbit] [restartedMain] o.apache.catalina.core.StandardEngine    : Starting Servlet engine: [Apache Tomcat/11.0.24]
2026-10-08T22:45:46.125-04:00  INFO 1317081 --- [eblumbit] [restartedMain] b.w.c.s.WebApplicationContextInitializer : Root WebApplicationContext: initialization completed in 1928 ms
2026-10-08T22:45:46.889-04:00  INFO 1317081 --- [eblumbit] [restartedMain] o.s.o.j.p.SpringPersistenceUnitInfo      : No LoadTimeWeaver setup: ignoring JPA class transformer
2026-10-08T22:45:46.895-04:00  INFO 1317081 --- [eblumbit] [restartedMain] com.zaxxer.hikari.HikariDataSource       : HikariPool-2 - Starting...
2026-10-08T22:45:46.971-04:00  INFO 1317081 --- [eblumbit] [restartedMain] com.zaxxer.hikari.pool.HikariPool        : HikariPool-2 - Added connection org.postgresql.jdbc.PgConnection@2b50ba4a
2026-10-08T22:45:46.972-04:00  INFO 1317081 --- [eblumbit] [restartedMain] com.zaxxer.hikari.HikariDataSource       : HikariPool-2 - Start completed.
2026-10-08T22:45:48.745-04:00  INFO 1317081 --- [eblumbit] [restartedMain] j.LocalContainerEntityManagerFactoryBean : Initialized JPA EntityManagerFactory for persistence unit 'default'
2026-10-08T22:45:49.629-04:00 DEBUG 1317081 --- [eblumbit] [restartedMain] c.b.e.auth.JwtAuthenticationFilter       : Filter 'jwtAuthenticationFilter' configured for use
2026-10-08T22:45:49.818-04:00  INFO 1317081 --- [eblumbit] [restartedMain] eAuthenticationProviderManagerConfigurer : Global AuthenticationManager configured with AuthenticationProvider bean with name authenticationProvider
2026-10-08T22:45:49.819-04:00  WARN 1317081 --- [eblumbit] [restartedMain] r$InitializeUserDetailsManagerConfigurer : Global AuthenticationManager configured with an AuthenticationProvider bean. UserDetailsService beans will not be used by Spring Security for automatically configuring username/password login. Consider removing the AuthenticationProvider bean. Alternatively, consider using the UserDetailsService in a manually instantiated DaoAuthenticationProvider. If the current configuration is intentional, to turn off this warning, increase the logging level of 'org.springframework.security.config.annotation.authentication.configuration.InitializeUserDetailsBeanManagerConfigurer' to ERROR
2026-10-08T22:45:51.177-04:00  WARN 1317081 --- [eblumbit] [restartedMain] JpaBaseConfiguration$JpaWebConfiguration : spring.jpa.open-in-view is enabled by default. Therefore, database queries may be performed during view rendering. Explicitly configure spring.jpa.open-in-view to disable this warning
2026-10-08T22:45:52.230-04:00  INFO 1317081 --- [eblumbit] [restartedMain] o.s.b.a.e.web.EndpointLinksResolver      : Exposing 1 endpoint beneath base path '/actuator'
2026-10-08T22:45:53.036-04:00  INFO 1317081 --- [eblumbit] [restartedMain] o.s.boot.tomcat.TomcatWebServer          : Tomcat started on port 8090 (http) with context path '/'
2026-10-08T22:45:53.063-04:00  INFO 1317081 --- [eblumbit] [restartedMain] c.blumbit.eblumbit.EblumbitApplication   : Started EblumbitApplication in 8.985 seconds (process running for 335.703)
2026-10-08T22:45:54.322-04:00  INFO 1317081 --- [eblumbit] [File Watcher] rtingClassPathChangeChangedEventListener : Restarting due to 1 class path change (0 additions, 0 deletions, 1 modification)
2026-10-08T22:45:54.329-04:00  INFO 1317081 --- [eblumbit] [Thread-5] o.s.boot.tomcat.GracefulShutdown         : Commencing graceful shutdown. Waiting for active requests to complete
2026-10-08T22:45:54.334-04:00  INFO 1317081 --- [eblumbit] [tomcat-shutdown] o.s.boot.tomcat.GracefulShutdown         : Graceful shutdown complete
2026-10-08T22:45:54.353-04:00  INFO 1317081 --- [eblumbit] [Thread-5] j.LocalContainerEntityManagerFactoryBean : Closing JPA EntityManagerFactory for persistence unit 'default'
2026-10-08T22:45:57.117-04:00  INFO 1317081 --- [eblumbit] [Thread-5] com.zaxxer.hikari.HikariDataSource       : HikariPool-2 - Shutdown initiated...
2026-10-08T22:45:57.161-04:00  INFO 1317081 --- [eblumbit] [Thread-5] com.zaxxer.hikari.HikariDataSource       : HikariPool-2 - Shutdown completed.
2026-10-08T22:45:57.495-04:00  INFO 1317081 --- [eblumbit] [restartedMain] c.blumbit.eblumbit.EblumbitApplication   : Starting EblumbitApplication using Java 25.0.1 with PID 1317081 (/home/david/Documents/projects/blumbit/springv6/eblumbit/target/classes started by david in /home/david/Documents/projects/blumbit/springv6/eblumbit)
2026-10-08T22:45:57.496-04:00 DEBUG 1317081 --- [eblumbit] [restartedMain] c.blumbit.eblumbit.EblumbitApplication   : Running with Spring Boot v4.1.1, Spring v7.0.9
2026-10-08T22:45:57.496-04:00  INFO 1317081 --- [eblumbit] [restartedMain] c.blumbit.eblumbit.EblumbitApplication   : No active profile set, falling back to 1 default profile: "default"
2026-10-08T22:45:58.231-04:00  INFO 1317081 --- [eblumbit] [restartedMain] .s.d.r.c.RepositoryConfigurationDelegate : Bootstrapping Spring Data JPA repositories in DEFAULT mode.
2026-10-08T22:45:58.294-04:00  INFO 1317081 --- [eblumbit] [restartedMain] .s.d.r.c.RepositoryConfigurationDelegate : Finished Spring Data repository scanning in 60 ms. Found 12 JPA repository interfaces.
2026-10-08T22:45:59.256-04:00  INFO 1317081 --- [eblumbit] [restartedMain] o.s.boot.tomcat.TomcatWebServer          : Tomcat initialized with port 8090 (http)
2026-10-08T22:45:59.258-04:00  INFO 1317081 --- [eblumbit] [restartedMain] o.apache.catalina.core.StandardService   : Starting service [Tomcat]
2026-10-08T22:45:59.263-04:00  INFO 1317081 --- [eblumbit] [restartedMain] o.apache.catalina.core.StandardEngine    : Starting Servlet engine: [Apache Tomcat/11.0.24]
2026-10-08T22:45:59.306-04:00  INFO 1317081 --- [eblumbit] [restartedMain] b.w.c.s.WebApplicationContextInitializer : Root WebApplicationContext: initialization completed in 1807 ms
2026-10-08T22:46:00.397-04:00  INFO 1317081 --- [eblumbit] [restartedMain] o.s.o.j.p.SpringPersistenceUnitInfo      : No LoadTimeWeaver setup: ignoring JPA class transformer
2026-10-08T22:46:00.402-04:00  INFO 1317081 --- [eblumbit] [restartedMain] com.zaxxer.hikari.HikariDataSource       : HikariPool-3 - Starting...
2026-10-08T22:46:00.548-04:00  INFO 1317081 --- [eblumbit] [restartedMain] com.zaxxer.hikari.pool.HikariPool        : HikariPool-3 - Added connection org.postgresql.jdbc.PgConnection@6dba6570
2026-10-08T22:46:00.549-04:00  INFO 1317081 --- [eblumbit] [restartedMain] com.zaxxer.hikari.HikariDataSource       : HikariPool-3 - Start completed.
2026-10-08T22:46:01.797-04:00  INFO 1317081 --- [eblumbit] [restartedMain] j.LocalContainerEntityManagerFactoryBean : Initialized JPA EntityManagerFactory for persistence unit 'default'
2026-10-08T22:46:02.028-04:00 DEBUG 1317081 --- [eblumbit] [restartedMain] c.b.e.auth.JwtAuthenticationFilter       : Filter 'jwtAuthenticationFilter' configured for use
2026-10-08T22:46:02.153-04:00  INFO 1317081 --- [eblumbit] [restartedMain] eAuthenticationProviderManagerConfigurer : Global AuthenticationManager configured with AuthenticationProvider bean with name authenticationProvider
2026-10-08T22:46:02.154-04:00  WARN 1317081 --- [eblumbit] [restartedMain] r$InitializeUserDetailsManagerConfigurer : Global AuthenticationManager configured with an AuthenticationProvider bean. UserDetailsService beans will not be used by Spring Security for automatically configuring username/password login. Consider removing the AuthenticationProvider bean. Alternatively, consider using the UserDetailsService in a manually instantiated DaoAuthenticationProvider. If the current configuration is intentional, to turn off this warning, increase the logging level of 'org.springframework.security.config.annotation.authentication.configuration.InitializeUserDetailsBeanManagerConfigurer' to ERROR
2026-10-08T22:46:03.152-04:00  WARN 1317081 --- [eblumbit] [restartedMain] JpaBaseConfiguration$JpaWebConfiguration : spring.jpa.open-in-view is enabled by default. Therefore, database queries may be performed during view rendering. Explicitly configure spring.jpa.open-in-view to disable this warning
2026-10-08T22:46:03.919-04:00  INFO 1317081 --- [eblumbit] [restartedMain] o.s.b.a.e.web.EndpointLinksResolver      : Exposing 1 endpoint beneath base path '/actuator'
2026-10-08T22:46:04.939-04:00  INFO 1317081 --- [eblumbit] [restartedMain] o.s.boot.tomcat.TomcatWebServer          : Tomcat started on port 8090 (http) with context path '/'
2026-10-08T22:46:04.958-04:00  INFO 1317081 --- [eblumbit] [restartedMain] c.blumbit.eblumbit.EblumbitApplication   : Started EblumbitApplication in 7.508 seconds (process running for 347.598)
2026-10-08T22:46:06.256-04:00  INFO 1317081 --- [eblumbit] [File Watcher] rtingClassPathChangeChangedEventListener : Restarting due to 1 class path change (0 additions, 0 deletions, 1 modification)
2026-10-08T22:46:06.276-04:00  INFO 1317081 --- [eblumbit] [Thread-9] o.s.boot.tomcat.GracefulShutdown         : Commencing graceful shutdown. Waiting for active requests to complete
2026-10-08T22:46:06.303-04:00  INFO 1317081 --- [eblumbit] [tomcat-shutdown] o.s.boot.tomcat.GracefulShutdown         : Graceful shutdown complete
2026-10-08T22:46:06.407-04:00  INFO 1317081 --- [eblumbit] [Thread-9] j.LocalContainerEntityManagerFactoryBean : Closing JPA EntityManagerFactory for persistence unit 'default'
2026-10-08T22:46:10.409-04:00  INFO 1317081 --- [eblumbit] [Thread-9] com.zaxxer.hikari.HikariDataSource       : HikariPool-3 - Shutdown initiated...
2026-10-08T22:46:10.433-04:00  INFO 1317081 --- [eblumbit] [Thread-9] com.zaxxer.hikari.HikariDataSource       : HikariPool-3 - Shutdown completed.
2026-10-08T22:46:10.743-04:00  INFO 1317081 --- [eblumbit] [restartedMain] c.blumbit.eblumbit.EblumbitApplication   : Starting EblumbitApplication using Java 25.0.1 with PID 1317081 (/home/david/Documents/projects/blumbit/springv6/eblumbit/target/classes started by david in /home/david/Documents/projects/blumbit/springv6/eblumbit)
2026-10-08T22:46:10.744-04:00 DEBUG 1317081 --- [eblumbit] [restartedMain] c.blumbit.eblumbit.EblumbitApplication   : Running with Spring Boot v4.1.1, Spring v7.0.9
2026-10-08T22:46:10.744-04:00  INFO 1317081 --- [eblumbit] [restartedMain] c.blumbit.eblumbit.EblumbitApplication   : No active profile set, falling back to 1 default profile: "default"
2026-10-08T22:46:11.307-04:00  INFO 1317081 --- [eblumbit] [restartedMain] .s.d.r.c.RepositoryConfigurationDelegate : Bootstrapping Spring Data JPA repositories in DEFAULT mode.
2026-10-08T22:46:11.350-04:00  INFO 1317081 --- [eblumbit] [restartedMain] .s.d.r.c.RepositoryConfigurationDelegate : Finished Spring Data repository scanning in 39 ms. Found 12 JPA repository interfaces.
2026-10-08T22:46:11.743-04:00  INFO 1317081 --- [eblumbit] [restartedMain] o.s.boot.tomcat.TomcatWebServer          : Tomcat initialized with port 8090 (http)
2026-10-08T22:46:11.746-04:00  INFO 1317081 --- [eblumbit] [restartedMain] o.apache.catalina.core.StandardService   : Starting service [Tomcat]
2026-10-08T22:46:11.747-04:00  INFO 1317081 --- [eblumbit] [restartedMain] o.apache.catalina.core.StandardEngine    : Starting Servlet engine: [Apache Tomcat/11.0.24]
2026-10-08T22:46:11.762-04:00  INFO 1317081 --- [eblumbit] [restartedMain] b.w.c.s.WebApplicationContextInitializer : Root WebApplicationContext: initialization completed in 1014 ms
2026-10-08T22:46:12.044-04:00  INFO 1317081 --- [eblumbit] [restartedMain] o.s.o.j.p.SpringPersistenceUnitInfo      : No LoadTimeWeaver setup: ignoring JPA class transformer
2026-10-08T22:46:12.047-04:00  INFO 1317081 --- [eblumbit] [restartedMain] com.zaxxer.hikari.HikariDataSource       : HikariPool-4 - Starting...
2026-10-08T22:46:12.119-04:00  INFO 1317081 --- [eblumbit] [restartedMain] com.zaxxer.hikari.pool.HikariPool        : HikariPool-4 - Added connection org.postgresql.jdbc.PgConnection@525cf097
2026-10-08T22:46:12.120-04:00  INFO 1317081 --- [eblumbit] [restartedMain] com.zaxxer.hikari.HikariDataSource       : HikariPool-4 - Start completed.
2026-10-08T22:46:13.131-04:00  INFO 1317081 --- [eblumbit] [restartedMain] j.LocalContainerEntityManagerFactoryBean : Initialized JPA EntityManagerFactory for persistence unit 'default'
2026-10-08T22:46:13.400-04:00 DEBUG 1317081 --- [eblumbit] [restartedMain] c.b.e.auth.JwtAuthenticationFilter       : Filter 'jwtAuthenticationFilter' configured for use
2026-10-08T22:46:13.490-04:00  INFO 1317081 --- [eblumbit] [restartedMain] eAuthenticationProviderManagerConfigurer : Global AuthenticationManager configured with AuthenticationProvider bean with name authenticationProvider
2026-10-08T22:46:13.491-04:00  WARN 1317081 --- [eblumbit] [restartedMain] r$InitializeUserDetailsManagerConfigurer : Global AuthenticationManager configured with an AuthenticationProvider bean. UserDetailsService beans will not be used by Spring Security for automatically configuring username/password login. Consider removing the AuthenticationProvider bean. Alternatively, consider using the UserDetailsService in a manually instantiated DaoAuthenticationProvider. If the current configuration is intentional, to turn off this warning, increase the logging level of 'org.springframework.security.config.annotation.authentication.configuration.InitializeUserDetailsBeanManagerConfigurer' to ERROR
2026-10-08T22:46:14.201-04:00  WARN 1317081 --- [eblumbit] [restartedMain] JpaBaseConfiguration$JpaWebConfiguration : spring.jpa.open-in-view is enabled by default. Therefore, database queries may be performed during view rendering. Explicitly configure spring.jpa.open-in-view to disable this warning
2026-10-08T22:46:14.925-04:00  INFO 1317081 --- [eblumbit] [restartedMain] o.s.b.a.e.web.EndpointLinksResolver      : Exposing 1 endpoint beneath base path '/actuator'
2026-10-08T22:46:15.491-04:00  INFO 1317081 --- [eblumbit] [restartedMain] o.s.boot.tomcat.TomcatWebServer          : Tomcat started on port 8090 (http) with context path '/'
2026-10-08T22:46:15.501-04:00  INFO 1317081 --- [eblumbit] [restartedMain] c.blumbit.eblumbit.EblumbitApplication   : Started EblumbitApplication in 4.798 seconds (process running for 358.141)
2026-10-08T22:46:16.788-04:00  INFO 1317081 --- [eblumbit] [File Watcher] rtingClassPathChangeChangedEventListener : Restarting due to 1 class path change (0 additions, 0 deletions, 1 modification)
2026-10-08T22:46:16.790-04:00  INFO 1317081 --- [eblumbit] [Thread-13] o.s.boot.tomcat.GracefulShutdown         : Commencing graceful shutdown. Waiting for active requests to complete
2026-10-08T22:46:16.797-04:00  INFO 1317081 --- [eblumbit] [tomcat-shutdown] o.s.boot.tomcat.GracefulShutdown         : Graceful shutdown complete
2026-10-08T22:46:16.825-04:00  INFO 1317081 --- [eblumbit] [Thread-13] j.LocalContainerEntityManagerFactoryBean : Closing JPA EntityManagerFactory for persistence unit 'default'
2026-10-08T22:46:22.275-04:00  INFO 1317081 --- [eblumbit] [Thread-13] com.zaxxer.hikari.HikariDataSource       : HikariPool-4 - Shutdown initiated...
2026-10-08T22:46:22.332-04:00  INFO 1317081 --- [eblumbit] [Thread-13] com.zaxxer.hikari.HikariDataSource       : HikariPool-4 - Shutdown completed.
2026-10-08T22:46:23.369-04:00  INFO 1317081 --- [eblumbit] [restartedMain] c.blumbit.eblumbit.EblumbitApplication   : Starting EblumbitApplication using Java 25.0.1 with PID 1317081 (/home/david/Documents/projects/blumbit/springv6/eblumbit/target/classes started by david in /home/david/Documents/projects/blumbit/springv6/eblumbit)
2026-10-08T22:46:23.369-04:00 DEBUG 1317081 --- [eblumbit] [restartedMain] c.blumbit.eblumbit.EblumbitApplication   : Running with Spring Boot v4.1.1, Spring v7.0.9
2026-10-08T22:46:23.370-04:00  INFO 1317081 --- [eblumbit] [restartedMain] c.blumbit.eblumbit.EblumbitApplication   : No active profile set, falling back to 1 default profile: "default"
2026-10-08T22:46:24.432-04:00  INFO 1317081 --- [eblumbit] [restartedMain] .s.d.r.c.RepositoryConfigurationDelegate : Bootstrapping Spring Data JPA repositories in DEFAULT mode.
2026-10-08T22:46:24.485-04:00  INFO 1317081 --- [eblumbit] [restartedMain] .s.d.r.c.RepositoryConfigurationDelegate : Finished Spring Data repository scanning in 50 ms. Found 12 JPA repository interfaces.
2026-10-08T22:46:24.965-04:00  INFO 1317081 --- [eblumbit] [restartedMain] o.s.boot.tomcat.TomcatWebServer          : Tomcat initialized with port 8090 (http)
2026-10-08T22:46:24.966-04:00  INFO 1317081 --- [eblumbit] [restartedMain] o.apache.catalina.core.StandardService   : Starting service [Tomcat]
2026-10-08T22:46:24.967-04:00  INFO 1317081 --- [eblumbit] [restartedMain] o.apache.catalina.core.StandardEngine    : Starting Servlet engine: [Apache Tomcat/11.0.24]
2026-10-08T22:46:24.981-04:00  INFO 1317081 --- [eblumbit] [restartedMain] b.w.c.s.WebApplicationContextInitializer : Root WebApplicationContext: initialization completed in 1578 ms
2026-10-08T22:46:25.237-04:00  INFO 1317081 --- [eblumbit] [restartedMain] o.s.o.j.p.SpringPersistenceUnitInfo      : No LoadTimeWeaver setup: ignoring JPA class transformer
2026-10-08T22:46:25.238-04:00  INFO 1317081 --- [eblumbit] [restartedMain] com.zaxxer.hikari.HikariDataSource       : HikariPool-5 - Starting...
2026-10-08T22:46:25.302-04:00  INFO 1317081 --- [eblumbit] [restartedMain] com.zaxxer.hikari.pool.HikariPool        : HikariPool-5 - Added connection org.postgresql.jdbc.PgConnection@5df48af9
2026-10-08T22:46:25.302-04:00  INFO 1317081 --- [eblumbit] [restartedMain] com.zaxxer.hikari.HikariDataSource       : HikariPool-5 - Start completed.
2026-10-08T22:46:26.443-04:00  INFO 1317081 --- [eblumbit] [restartedMain] j.LocalContainerEntityManagerFactoryBean : Initialized JPA EntityManagerFactory for persistence unit 'default'
2026-10-08T22:46:26.702-04:00 DEBUG 1317081 --- [eblumbit] [restartedMain] c.b.e.auth.JwtAuthenticationFilter       : Filter 'jwtAuthenticationFilter' configured for use
2026-10-08T22:46:26.794-04:00  INFO 1317081 --- [eblumbit] [restartedMain] eAuthenticationProviderManagerConfigurer : Global AuthenticationManager configured with AuthenticationProvider bean with name authenticationProvider
2026-10-08T22:46:26.795-04:00  WARN 1317081 --- [eblumbit] [restartedMain] r$InitializeUserDetailsManagerConfigurer : Global AuthenticationManager configured with an AuthenticationProvider bean. UserDetailsService beans will not be used by Spring Security for automatically configuring username/password login. Consider removing the AuthenticationProvider bean. Alternatively, consider using the UserDetailsService in a manually instantiated DaoAuthenticationProvider. If the current configuration is intentional, to turn off this warning, increase the logging level of 'org.springframework.security.config.annotation.authentication.configuration.InitializeUserDetailsBeanManagerConfigurer' to ERROR
2026-10-08T22:46:27.630-04:00  WARN 1317081 --- [eblumbit] [restartedMain] JpaBaseConfiguration$JpaWebConfiguration : spring.jpa.open-in-view is enabled by default. Therefore, database queries may be performed during view rendering. Explicitly configure spring.jpa.open-in-view to disable this warning
2026-10-08T22:46:28.346-04:00  INFO 1317081 --- [eblumbit] [restartedMain] o.s.b.a.e.web.EndpointLinksResolver      : Exposing 1 endpoint beneath base path '/actuator'
2026-10-08T22:46:29.116-04:00  INFO 1317081 --- [eblumbit] [restartedMain] o.s.boot.tomcat.TomcatWebServer          : Tomcat started on port 8090 (http) with context path '/'
2026-10-08T22:46:29.138-04:00  INFO 1317081 --- [eblumbit] [restartedMain] c.blumbit.eblumbit.EblumbitApplication   : Started EblumbitApplication in 6.034 seconds (process running for 371.778)
2026-10-08T22:46:30.248-04:00  INFO 1317081 --- [eblumbit] [File Watcher] rtingClassPathChangeChangedEventListener : Restarting due to 1 class path change (0 additions, 0 deletions, 1 modification)
2026-10-08T22:46:30.251-04:00  INFO 1317081 --- [eblumbit] [Thread-17] o.s.boot.tomcat.GracefulShutdown         : Commencing graceful shutdown. Waiting for active requests to complete
2026-10-08T22:46:30.258-04:00  INFO 1317081 --- [eblumbit] [tomcat-shutdown] o.s.boot.tomcat.GracefulShutdown         : Graceful shutdown complete
2026-10-08T22:46:30.276-04:00  INFO 1317081 --- [eblumbit] [Thread-17] j.LocalContainerEntityManagerFactoryBean : Closing JPA EntityManagerFactory for persistence unit 'default'
2026-10-08T22:46:33.237-04:00  INFO 1317081 --- [eblumbit] [Thread-17] com.zaxxer.hikari.HikariDataSource       : HikariPool-5 - Shutdown initiated...
2026-10-08T22:46:33.260-04:00  INFO 1317081 --- [eblumbit] [Thread-17] com.zaxxer.hikari.HikariDataSource       : HikariPool-5 - Shutdown completed.
2026-10-08T22:46:33.602-04:00  INFO 1317081 --- [eblumbit] [restartedMain] c.blumbit.eblumbit.EblumbitApplication   : Starting EblumbitApplication using Java 25.0.1 with PID 1317081 (/home/david/Documents/projects/blumbit/springv6/eblumbit/target/classes started by david in /home/david/Documents/projects/blumbit/springv6/eblumbit)
2026-10-08T22:46:33.603-04:00 DEBUG 1317081 --- [eblumbit] [restartedMain] c.blumbit.eblumbit.EblumbitApplication   : Running with Spring Boot v4.1.1, Spring v7.0.9
2026-10-08T22:46:33.603-04:00  INFO 1317081 --- [eblumbit] [restartedMain] c.blumbit.eblumbit.EblumbitApplication   : No active profile set, falling back to 1 default profile: "default"
2026-10-08T22:46:34.279-04:00  INFO 1317081 --- [eblumbit] [restartedMain] .s.d.r.c.RepositoryConfigurationDelegate : Bootstrapping Spring Data JPA repositories in DEFAULT mode.
2026-10-08T22:46:34.337-04:00  INFO 1317081 --- [eblumbit] [restartedMain] .s.d.r.c.RepositoryConfigurationDelegate : Finished Spring Data repository scanning in 55 ms. Found 12 JPA repository interfaces.
2026-10-08T22:46:34.736-04:00  INFO 1317081 --- [eblumbit] [restartedMain] o.s.boot.tomcat.TomcatWebServer          : Tomcat initialized with port 8090 (http)
2026-10-08T22:46:34.737-04:00  INFO 1317081 --- [eblumbit] [restartedMain] o.apache.catalina.core.StandardService   : Starting service [Tomcat]
2026-10-08T22:46:34.738-04:00  INFO 1317081 --- [eblumbit] [restartedMain] o.apache.catalina.core.StandardEngine    : Starting Servlet engine: [Apache Tomcat/11.0.24]
2026-10-08T22:46:34.752-04:00  INFO 1317081 --- [eblumbit] [restartedMain] b.w.c.s.WebApplicationContextInitializer : Root WebApplicationContext: initialization completed in 1146 ms
2026-10-08T22:46:35.008-04:00  INFO 1317081 --- [eblumbit] [restartedMain] o.s.o.j.p.SpringPersistenceUnitInfo      : No LoadTimeWeaver setup: ignoring JPA class transformer
2026-10-08T22:46:35.009-04:00  INFO 1317081 --- [eblumbit] [restartedMain] com.zaxxer.hikari.HikariDataSource       : HikariPool-6 - Starting...
2026-10-08T22:46:35.087-04:00  INFO 1317081 --- [eblumbit] [restartedMain] com.zaxxer.hikari.pool.HikariPool        : HikariPool-6 - Added connection org.postgresql.jdbc.PgConnection@5ed3dfe4
2026-10-08T22:46:35.087-04:00  INFO 1317081 --- [eblumbit] [restartedMain] com.zaxxer.hikari.HikariDataSource       : HikariPool-6 - Start completed.
2026-10-08T22:46:36.142-04:00  INFO 1317081 --- [eblumbit] [restartedMain] j.LocalContainerEntityManagerFactoryBean : Initialized JPA EntityManagerFactory for persistence unit 'default'
2026-10-08T22:46:36.387-04:00 DEBUG 1317081 --- [eblumbit] [restartedMain] c.b.e.auth.JwtAuthenticationFilter       : Filter 'jwtAuthenticationFilter' configured for use
2026-10-08T22:46:36.469-04:00  INFO 1317081 --- [eblumbit] [restartedMain] eAuthenticationProviderManagerConfigurer : Global AuthenticationManager configured with AuthenticationProvider bean with name authenticationProvider
2026-10-08T22:46:36.470-04:00  WARN 1317081 --- [eblumbit] [restartedMain] r$InitializeUserDetailsManagerConfigurer : Global AuthenticationManager configured with an AuthenticationProvider bean. UserDetailsService beans will not be used by Spring Security for automatically configuring username/password login. Consider removing the AuthenticationProvider bean. Alternatively, consider using the UserDetailsService in a manually instantiated DaoAuthenticationProvider. If the current configuration is intentional, to turn off this warning, increase the logging level of 'org.springframework.security.config.annotation.authentication.configuration.InitializeUserDetailsBeanManagerConfigurer' to ERROR
2026-10-08T22:46:37.132-04:00  WARN 1317081 --- [eblumbit] [restartedMain] JpaBaseConfiguration$JpaWebConfiguration : spring.jpa.open-in-view is enabled by default. Therefore, database queries may be performed during view rendering. Explicitly configure spring.jpa.open-in-view to disable this warning
2026-10-08T22:46:37.795-04:00  INFO 1317081 --- [eblumbit] [restartedMain] o.s.b.a.e.web.EndpointLinksResolver      : Exposing 1 endpoint beneath base path '/actuator'
2026-10-08T22:46:38.314-04:00  INFO 1317081 --- [eblumbit] [restartedMain] o.s.boot.tomcat.TomcatWebServer          : Tomcat started on port 8090 (http) with context path '/'
2026-10-08T22:46:38.323-04:00  INFO 1317081 --- [eblumbit] [restartedMain] c.blumbit.eblumbit.EblumbitApplication   : Started EblumbitApplication in 4.787 seconds (process running for 380.964)
2026-10-08T22:46:42.047-04:00  WARN 1317081 --- [eblumbit] [restartedMain] o.s.core.events.SpringDocAppInitializer  : SpringDoc /v3/api-docs endpoint is enabled by default. To disable it in production, set the property 'springdoc.api-docs.enabled=false'
2026-10-08T22:46:42.047-04:00  WARN 1317081 --- [eblumbit] [restartedMain] o.s.core.events.SpringDocAppInitializer  : SpringDoc /swagger-ui.html endpoint is enabled by default. To disable it in production, set the property 'springdoc.swagger-ui.enabled=false'
2026-10-08T22:46:42.051-04:00  INFO 1317081 --- [eblumbit] [restartedMain] .ConditionEvaluationDeltaLoggingListener : Condition evaluation unchanged
2026-10-08T22:46:55.791-04:00  INFO 1317081 --- [eblumbit] [File Watcher] rtingClassPathChangeChangedEventListener : Restarting due to 1 class path change (0 additions, 0 deletions, 1 modification)
2026-10-08T22:46:55.799-04:00  INFO 1317081 --- [eblumbit] [Thread-21] o.s.boot.tomcat.GracefulShutdown         : Commencing graceful shutdown. Waiting for active requests to complete
2026-10-08T22:46:55.822-04:00  INFO 1317081 --- [eblumbit] [tomcat-shutdown] o.s.boot.tomcat.GracefulShutdown         : Graceful shutdown complete
2026-10-08T22:46:55.857-04:00  INFO 1317081 --- [eblumbit] [Thread-21] j.LocalContainerEntityManagerFactoryBean : Closing JPA EntityManagerFactory for persistence unit 'default'
2026-10-08T22:46:56.014-04:00  INFO 1317081 --- [eblumbit] [Thread-21] com.zaxxer.hikari.HikariDataSource       : HikariPool-6 - Shutdown initiated...
2026-10-08T22:46:56.055-04:00  INFO 1317081 --- [eblumbit] [Thread-21] com.zaxxer.hikari.HikariDataSource       : HikariPool-6 - Shutdown completed.
2026-10-08T22:46:56.584-04:00  INFO 1317081 --- [eblumbit] [restartedMain] c.blumbit.eblumbit.EblumbitApplication   : Starting EblumbitApplication using Java 25.0.1 with PID 1317081 (/home/david/Documents/projects/blumbit/springv6/eblumbit/target/classes started by david in /home/david/Documents/projects/blumbit/springv6/eblumbit)
2026-10-08T22:46:56.584-04:00 DEBUG 1317081 --- [eblumbit] [restartedMain] c.blumbit.eblumbit.EblumbitApplication   : Running with Spring Boot v4.1.1, Spring v7.0.9
2026-10-08T22:46:56.584-04:00  INFO 1317081 --- [eblumbit] [restartedMain] c.blumbit.eblumbit.EblumbitApplication   : No active profile set, falling back to 1 default profile: "default"
2026-10-08T22:46:57.170-04:00  INFO 1317081 --- [eblumbit] [restartedMain] .s.d.r.c.RepositoryConfigurationDelegate : Bootstrapping Spring Data JPA repositories in DEFAULT mode.
2026-10-08T22:46:57.215-04:00  INFO 1317081 --- [eblumbit] [restartedMain] .s.d.r.c.RepositoryConfigurationDelegate : Finished Spring Data repository scanning in 42 ms. Found 12 JPA repository interfaces.
2026-10-08T22:46:57.608-04:00  INFO 1317081 --- [eblumbit] [restartedMain] o.s.boot.tomcat.TomcatWebServer          : Tomcat initialized with port 8090 (http)
2026-10-08T22:46:57.609-04:00  INFO 1317081 --- [eblumbit] [restartedMain] o.apache.catalina.core.StandardService   : Starting service [Tomcat]
2026-10-08T22:46:57.610-04:00  INFO 1317081 --- [eblumbit] [restartedMain] o.apache.catalina.core.StandardEngine    : Starting Servlet engine: [Apache Tomcat/11.0.24]
2026-10-08T22:46:57.626-04:00  INFO 1317081 --- [eblumbit] [restartedMain] b.w.c.s.WebApplicationContextInitializer : Root WebApplicationContext: initialization completed in 1037 ms
2026-10-08T22:46:57.950-04:00  INFO 1317081 --- [eblumbit] [restartedMain] o.s.o.j.p.SpringPersistenceUnitInfo      : No LoadTimeWeaver setup: ignoring JPA class transformer
2026-10-08T22:46:57.952-04:00  INFO 1317081 --- [eblumbit] [restartedMain] com.zaxxer.hikari.HikariDataSource       : HikariPool-7 - Starting...
2026-10-08T22:46:58.046-04:00  INFO 1317081 --- [eblumbit] [restartedMain] com.zaxxer.hikari.pool.HikariPool        : HikariPool-7 - Added connection org.postgresql.jdbc.PgConnection@f50347a
2026-10-08T22:46:58.046-04:00  INFO 1317081 --- [eblumbit] [restartedMain] com.zaxxer.hikari.HikariDataSource       : HikariPool-7 - Start completed.
2026-10-08T22:46:59.410-04:00  INFO 1317081 --- [eblumbit] [restartedMain] j.LocalContainerEntityManagerFactoryBean : Initialized JPA EntityManagerFactory for persistence unit 'default'
2026-10-08T22:46:59.736-04:00 DEBUG 1317081 --- [eblumbit] [restartedMain] c.b.e.auth.JwtAuthenticationFilter       : Filter 'jwtAuthenticationFilter' configured for use
2026-10-08T22:46:59.828-04:00  INFO 1317081 --- [eblumbit] [restartedMain] eAuthenticationProviderManagerConfigurer : Global AuthenticationManager configured with AuthenticationProvider bean with name authenticationProvider
2026-10-08T22:46:59.829-04:00  WARN 1317081 --- [eblumbit] [restartedMain] r$InitializeUserDetailsManagerConfigurer : Global AuthenticationManager configured with an AuthenticationProvider bean. UserDetailsService beans will not be used by Spring Security for automatically configuring username/password login. Consider removing the AuthenticationProvider bean. Alternatively, consider using the UserDetailsService in a manually instantiated DaoAuthenticationProvider. If the current configuration is intentional, to turn off this warning, increase the logging level of 'org.springframework.security.config.annotation.authentication.configuration.InitializeUserDetailsBeanManagerConfigurer' to ERROR
2026-10-08T22:47:00.546-04:00  WARN 1317081 --- [eblumbit] [restartedMain] JpaBaseConfiguration$JpaWebConfiguration : spring.jpa.open-in-view is enabled by default. Therefore, database queries may be performed during view rendering. Explicitly configure spring.jpa.open-in-view to disable this warning
2026-10-08T22:47:01.169-04:00  INFO 1317081 --- [eblumbit] [restartedMain] o.s.b.a.e.web.EndpointLinksResolver      : Exposing 1 endpoint beneath base path '/actuator'
2026-10-08T22:47:01.629-04:00  INFO 1317081 --- [eblumbit] [restartedMain] o.s.boot.tomcat.TomcatWebServer          : Tomcat started on port 8090 (http) with context path '/'
2026-10-08T22:47:01.640-04:00  INFO 1317081 --- [eblumbit] [restartedMain] c.blumbit.eblumbit.EblumbitApplication   : Started EblumbitApplication in 5.139 seconds (process running for 404.281)
2026-10-08T22:47:02.946-04:00  INFO 1317081 --- [eblumbit] [File Watcher] rtingClassPathChangeChangedEventListener : Restarting due to 1 class path change (0 additions, 0 deletions, 1 modification)
2026-10-08T22:47:02.954-04:00  INFO 1317081 --- [eblumbit] [Thread-25] o.s.boot.tomcat.GracefulShutdown         : Commencing graceful shutdown. Waiting for active requests to complete
2026-10-08T22:47:02.965-04:00  INFO 1317081 --- [eblumbit] [tomcat-shutdown] o.s.boot.tomcat.GracefulShutdown         : Graceful shutdown complete
2026-10-08T22:47:02.984-04:00  INFO 1317081 --- [eblumbit] [Thread-25] j.LocalContainerEntityManagerFactoryBean : Closing JPA EntityManagerFactory for persistence unit 'default'
2026-10-08T22:47:05.704-04:00  INFO 1317081 --- [eblumbit] [Thread-25] com.zaxxer.hikari.HikariDataSource       : HikariPool-7 - Shutdown initiated...
2026-10-08T22:47:05.729-04:00  INFO 1317081 --- [eblumbit] [Thread-25] com.zaxxer.hikari.HikariDataSource       : HikariPool-7 - Shutdown completed.
2026-10-08T22:47:06.043-04:00  INFO 1317081 --- [eblumbit] [restartedMain] c.blumbit.eblumbit.EblumbitApplication   : Starting EblumbitApplication using Java 25.0.1 with PID 1317081 (/home/david/Documents/projects/blumbit/springv6/eblumbit/target/classes started by david in /home/david/Documents/projects/blumbit/springv6/eblumbit)
2026-10-08T22:47:06.043-04:00 DEBUG 1317081 --- [eblumbit] [restartedMain] c.blumbit.eblumbit.EblumbitApplication   : Running with Spring Boot v4.1.1, Spring v7.0.9
2026-10-08T22:47:06.044-04:00  INFO 1317081 --- [eblumbit] [restartedMain] c.blumbit.eblumbit.EblumbitApplication   : No active profile set, falling back to 1 default profile: "default"
2026-10-08T22:47:06.579-04:00  INFO 1317081 --- [eblumbit] [restartedMain] .s.d.r.c.RepositoryConfigurationDelegate : Bootstrapping Spring Data JPA repositories in DEFAULT mode.
2026-10-08T22:47:06.631-04:00  INFO 1317081 --- [eblumbit] [restartedMain] .s.d.r.c.RepositoryConfigurationDelegate : Finished Spring Data repository scanning in 48 ms. Found 12 JPA repository interfaces.
2026-10-08T22:47:07.092-04:00  INFO 1317081 --- [eblumbit] [restartedMain] o.s.boot.tomcat.TomcatWebServer          : Tomcat initialized with port 8090 (http)
2026-10-08T22:47:07.095-04:00  INFO 1317081 --- [eblumbit] [restartedMain] o.apache.catalina.core.StandardService   : Starting service [Tomcat]
2026-10-08T22:47:07.097-04:00  INFO 1317081 --- [eblumbit] [restartedMain] o.apache.catalina.core.StandardEngine    : Starting Servlet engine: [Apache Tomcat/11.0.24]
2026-10-08T22:47:07.113-04:00  INFO 1317081 --- [eblumbit] [restartedMain] b.w.c.s.WebApplicationContextInitializer : Root WebApplicationContext: initialization completed in 1064 ms
2026-10-08T22:47:07.382-04:00  INFO 1317081 --- [eblumbit] [restartedMain] o.s.o.j.p.SpringPersistenceUnitInfo      : No LoadTimeWeaver setup: ignoring JPA class transformer
2026-10-08T22:47:07.383-04:00  INFO 1317081 --- [eblumbit] [restartedMain] com.zaxxer.hikari.HikariDataSource       : HikariPool-8 - Starting...
2026-10-08T22:47:07.446-04:00  INFO 1317081 --- [eblumbit] [restartedMain] com.zaxxer.hikari.pool.HikariPool        : HikariPool-8 - Added connection org.postgresql.jdbc.PgConnection@566b90e9
2026-10-08T22:47:07.447-04:00  INFO 1317081 --- [eblumbit] [restartedMain] com.zaxxer.hikari.HikariDataSource       : HikariPool-8 - Start completed.
2026-10-08T22:47:08.549-04:00  INFO 1317081 --- [eblumbit] [restartedMain] j.LocalContainerEntityManagerFactoryBean : Initialized JPA EntityManagerFactory for persistence unit 'default'
2026-10-08T22:47:08.791-04:00 DEBUG 1317081 --- [eblumbit] [restartedMain] c.b.e.auth.JwtAuthenticationFilter       : Filter 'jwtAuthenticationFilter' configured for use
2026-10-08T22:47:08.894-04:00  INFO 1317081 --- [eblumbit] [restartedMain] eAuthenticationProviderManagerConfigurer : Global AuthenticationManager configured with AuthenticationProvider bean with name authenticationProvider
2026-10-08T22:47:08.895-04:00  WARN 1317081 --- [eblumbit] [restartedMain] r$InitializeUserDetailsManagerConfigurer : Global AuthenticationManager configured with an AuthenticationProvider bean. UserDetailsService beans will not be used by Spring Security for automatically configuring username/password login. Consider removing the AuthenticationProvider bean. Alternatively, consider using the UserDetailsService in a manually instantiated DaoAuthenticationProvider. If the current configuration is intentional, to turn off this warning, increase the logging level of 'org.springframework.security.config.annotation.authentication.configuration.InitializeUserDetailsBeanManagerConfigurer' to ERROR
2026-10-08T22:47:09.840-04:00  WARN 1317081 --- [eblumbit] [restartedMain] JpaBaseConfiguration$JpaWebConfiguration : spring.jpa.open-in-view is enabled by default. Therefore, database queries may be performed during view rendering. Explicitly configure spring.jpa.open-in-view to disable this warning
2026-10-08T22:47:10.486-04:00  INFO 1317081 --- [eblumbit] [restartedMain] o.s.b.a.e.web.EndpointLinksResolver      : Exposing 1 endpoint beneath base path '/actuator'
2026-10-08T22:47:11.033-04:00  INFO 1317081 --- [eblumbit] [restartedMain] o.s.boot.tomcat.TomcatWebServer          : Tomcat started on port 8090 (http) with context path '/'
2026-10-08T22:47:11.046-04:00  INFO 1317081 --- [eblumbit] [restartedMain] c.blumbit.eblumbit.EblumbitApplication   : Started EblumbitApplication in 5.063 seconds (process running for 413.686)
2026-10-08T22:47:14.363-04:00  INFO 1317081 --- [eblumbit] [File Watcher] rtingClassPathChangeChangedEventListener : Restarting due to 1 class path change (0 additions, 0 deletions, 1 modification)
2026-10-08T22:47:14.370-04:00  INFO 1317081 --- [eblumbit] [Thread-29] o.s.boot.tomcat.GracefulShutdown         : Commencing graceful shutdown. Waiting for active requests to complete
2026-10-08T22:47:14.374-04:00  INFO 1317081 --- [eblumbit] [tomcat-shutdown] o.s.boot.tomcat.GracefulShutdown         : Graceful shutdown complete
2026-10-08T22:47:14.416-04:00  INFO 1317081 --- [eblumbit] [Thread-29] j.LocalContainerEntityManagerFactoryBean : Closing JPA EntityManagerFactory for persistence unit 'default'
2026-10-08T22:47:16.248-04:00  INFO 1317081 --- [eblumbit] [Thread-29] com.zaxxer.hikari.HikariDataSource       : HikariPool-8 - Shutdown initiated...
2026-10-08T22:47:16.280-04:00  INFO 1317081 --- [eblumbit] [Thread-29] com.zaxxer.hikari.HikariDataSource       : HikariPool-8 - Shutdown completed.
2026-10-08T22:47:36.448-04:00  INFO 1349730 --- [eblumbit] [restartedMain] c.blumbit.eblumbit.EblumbitApplication   : Starting EblumbitApplication using Java 25.0.1 with PID 1349730 (/home/david/Documents/projects/blumbit/springv6/eblumbit/target/classes started by david in /home/david/Documents/projects/blumbit/springv6/eblumbit)
2026-10-08T22:47:36.459-04:00 DEBUG 1349730 --- [eblumbit] [restartedMain] c.blumbit.eblumbit.EblumbitApplication   : Running with Spring Boot v4.1.1, Spring v7.0.9
2026-10-08T22:47:36.460-04:00  INFO 1349730 --- [eblumbit] [restartedMain] c.blumbit.eblumbit.EblumbitApplication   : No active profile set, falling back to 1 default profile: "default"
2026-10-08T22:47:36.723-04:00  INFO 1349730 --- [eblumbit] [restartedMain] .e.DevToolsPropertyDefaultsPostProcessor : Devtools property defaults active! Set 'spring.devtools.add-properties' to 'false' to disable
2026-10-08T22:47:36.725-04:00  INFO 1349730 --- [eblumbit] [restartedMain] .e.DevToolsPropertyDefaultsPostProcessor : For additional web related logging consider setting the 'logging.level.web' property to 'DEBUG'
2026-10-08T22:47:40.072-04:00  INFO 1349730 --- [eblumbit] [restartedMain] .s.d.r.c.RepositoryConfigurationDelegate : Bootstrapping Spring Data JPA repositories in DEFAULT mode.
2026-10-08T22:47:40.273-04:00  INFO 1349730 --- [eblumbit] [restartedMain] .s.d.r.c.RepositoryConfigurationDelegate : Finished Spring Data repository scanning in 180 ms. Found 12 JPA repository interfaces.
2026-10-08T22:47:42.192-04:00  INFO 1349730 --- [eblumbit] [restartedMain] o.s.boot.tomcat.TomcatWebServer          : Tomcat initialized with port 8090 (http)
2026-10-08T22:47:42.219-04:00  INFO 1349730 --- [eblumbit] [restartedMain] o.apache.catalina.core.StandardService   : Starting service [Tomcat]
2026-10-08T22:47:42.222-04:00  INFO 1349730 --- [eblumbit] [restartedMain] o.apache.catalina.core.StandardEngine    : Starting Servlet engine: [Apache Tomcat/11.0.24]
2026-10-08T22:47:42.302-04:00  INFO 1349730 --- [eblumbit] [restartedMain] b.w.c.s.WebApplicationContextInitializer : Root WebApplicationContext: initialization completed in 5572 ms
2026-10-08T22:47:43.873-04:00  INFO 1349730 --- [eblumbit] [restartedMain] o.s.o.j.p.SpringPersistenceUnitInfo      : No LoadTimeWeaver setup: ignoring JPA class transformer
2026-10-08T22:47:43.945-04:00  INFO 1349730 --- [eblumbit] [restartedMain] com.zaxxer.hikari.HikariDataSource       : HikariPool-1 - Starting...
2026-10-08T22:47:44.803-04:00  INFO 1349730 --- [eblumbit] [restartedMain] com.zaxxer.hikari.pool.HikariPool        : HikariPool-1 - Added connection org.postgresql.jdbc.PgConnection@2f0e98c5
2026-10-08T22:47:44.806-04:00  INFO 1349730 --- [eblumbit] [restartedMain] com.zaxxer.hikari.HikariDataSource       : HikariPool-1 - Start completed.
2026-10-08T22:47:49.349-04:00  INFO 1349730 --- [eblumbit] [restartedMain] j.LocalContainerEntityManagerFactoryBean : Initialized JPA EntityManagerFactory for persistence unit 'default'
2026-10-08T22:47:49.613-04:00  INFO 1349730 --- [eblumbit] [restartedMain] o.s.d.j.r.query.QueryEnhancerFactories   : Hibernate is in classpath; If applicable, HQL parser will be used.
2026-10-08T22:47:50.151-04:00 DEBUG 1349730 --- [eblumbit] [restartedMain] c.b.e.auth.JwtAuthenticationFilter       : Filter 'jwtAuthenticationFilter' configured for use
2026-10-08T22:47:50.311-04:00  INFO 1349730 --- [eblumbit] [restartedMain] eAuthenticationProviderManagerConfigurer : Global AuthenticationManager configured with AuthenticationProvider bean with name authenticationProvider
2026-10-08T22:47:50.316-04:00  WARN 1349730 --- [eblumbit] [restartedMain] r$InitializeUserDetailsManagerConfigurer : Global AuthenticationManager configured with an AuthenticationProvider bean. UserDetailsService beans will not be used by Spring Security for automatically configuring username/password login. Consider removing the AuthenticationProvider bean. Alternatively, consider using the UserDetailsService in a manually instantiated DaoAuthenticationProvider. If the current configuration is intentional, to turn off this warning, increase the logging level of 'org.springframework.security.config.annotation.authentication.configuration.InitializeUserDetailsBeanManagerConfigurer' to ERROR
2026-10-08T22:47:51.649-04:00  WARN 1349730 --- [eblumbit] [restartedMain] JpaBaseConfiguration$JpaWebConfiguration : spring.jpa.open-in-view is enabled by default. Therefore, database queries may be performed during view rendering. Explicitly configure spring.jpa.open-in-view to disable this warning
2026-10-08T22:47:53.018-04:00  INFO 1349730 --- [eblumbit] [restartedMain] o.s.b.a.e.web.EndpointLinksResolver      : Exposing 1 endpoint beneath base path '/actuator'
2026-10-08T22:47:54.332-04:00  INFO 1349730 --- [eblumbit] [restartedMain] o.s.boot.tomcat.TomcatWebServer          : Tomcat started on port 8090 (http) with context path '/'
2026-10-08T22:47:54.384-04:00  INFO 1349730 --- [eblumbit] [restartedMain] c.blumbit.eblumbit.EblumbitApplication   : Started EblumbitApplication in 19.19 seconds (process running for 20.665)
2026-10-08T22:48:02.394-04:00  WARN 1349730 --- [eblumbit] [restartedMain] o.s.core.events.SpringDocAppInitializer  : SpringDoc /v3/api-docs endpoint is enabled by default. To disable it in production, set the property 'springdoc.api-docs.enabled=false'
2026-10-08T22:48:02.395-04:00  WARN 1349730 --- [eblumbit] [restartedMain] o.s.core.events.SpringDocAppInitializer  : SpringDoc /swagger-ui.html endpoint is enabled by default. To disable it in production, set the property 'springdoc.swagger-ui.enabled=false'
2026-10-08T22:48:24.406-04:00  INFO 1349730 --- [eblumbit] [http-nio-8090-exec-2] o.a.c.c.C.[Tomcat].[localhost].[/]       : Initializing Spring DispatcherServlet 'dispatcherServlet'
2026-10-08T22:48:47.987-04:00 ERROR 1349730 --- [eblumbit] [http-nio-8090-exec-3] o.a.c.c.C.[.[.[/].[dispatcherServlet]    : Servlet.service() for servlet [dispatcherServlet] in context with path [] threw exception

org.hibernate.LazyInitializationException: Cannot lazily initialize collection of role 'com.blumbit.eblumbit.entities.Usuario.rolesUsuario' with key '1' (no session)
	at org.hibernate.collection.spi.AbstractPersistentCollection.throwLazyInitializationException(AbstractPersistentCollection.java:664) ~[hibernate-core-7.4.5.Final.jar:7.4.5.Final]
	at org.hibernate.collection.spi.AbstractPersistentCollection.withTemporarySessionIfNeeded(AbstractPersistentCollection.java:239) ~[hibernate-core-7.4.5.Final.jar:7.4.5.Final]
	at org.hibernate.collection.spi.AbstractPersistentCollection.initialize(AbstractPersistentCollection.java:624) ~[hibernate-core-7.4.5.Final.jar:7.4.5.Final]
	at org.hibernate.collection.spi.AbstractPersistentCollection.read(AbstractPersistentCollection.java:149) ~[hibernate-core-7.4.5.Final.jar:7.4.5.Final]
	at org.hibernate.collection.spi.PersistentBag.iterator(PersistentBag.java:419) ~[hibernate-core-7.4.5.Final.jar:7.4.5.Final]
	at java.base/java.util.Spliterators$IteratorSpliterator.estimateSize(Spliterators.java:1959) ~[na:na]
	at java.base/java.util.Spliterator.getExactSizeIfKnown(Spliterator.java:414) ~[na:na]
	at java.base/java.util.stream.AbstractPipeline.copyInto(AbstractPipeline.java:569) ~[na:na]
	at java.base/java.util.stream.AbstractPipeline.wrapAndCopyInto(AbstractPipeline.java:560) ~[na:na]
	at java.base/java.util.stream.ReduceOps$ReduceOp.evaluateSequential(ReduceOps.java:921) ~[na:na]
	at java.base/java.util.stream.AbstractPipeline.evaluate(AbstractPipeline.java:265) ~[na:na]
	at java.base/java.util.stream.ReferencePipeline.collect(ReferencePipeline.java:723) ~[na:na]
	at com.blumbit.eblumbit.config.AppConfig.lambda$userDetailsService$0(AppConfig.java:61) ~[classes/:na]
	at com.blumbit.eblumbit.auth.JwtAuthenticationFilter.doFilterInternal(JwtAuthenticationFilter.java:54) ~[classes/:na]
	at org.springframework.web.filter.OncePerRequestFilter.doFilter(OncePerRequestFilter.java:116) ~[spring-web-7.0.9.jar:7.0.9]
	at org.springframework.security.web.ObservationFilterChainDecorator$ObservationFilter.wrapFilter(ObservationFilterChainDecorator.java:243) ~[spring-security-web-7.1.1.jar:7.1.1]
	at org.springframework.security.web.ObservationFilterChainDecorator$ObservationFilter.doFilter(ObservationFilterChainDecorator.java:230) ~[spring-security-web-7.1.1.jar:7.1.1]
	at org.springframework.security.web.ObservationFilterChainDecorator$VirtualFilterChain.doFilter(ObservationFilterChainDecorator.java:140) ~[spring-security-web-7.1.1.jar:7.1.1]
	at org.springframework.security.web.authentication.logout.LogoutFilter.doFilter(LogoutFilter.java:110) ~[spring-security-web-7.1.1.jar:7.1.1]
	at org.springframework.security.web.authentication.logout.LogoutFilter.doFilter(LogoutFilter.java:96) ~[spring-security-web-7.1.1.jar:7.1.1]
	at org.springframework.security.web.ObservationFilterChainDecorator$ObservationFilter.wrapFilter(ObservationFilterChainDecorator.java:243) ~[spring-security-web-7.1.1.jar:7.1.1]
	at org.springframework.security.web.ObservationFilterChainDecorator$ObservationFilter.doFilter(ObservationFilterChainDecorator.java:230) ~[spring-security-web-7.1.1.jar:7.1.1]
	at org.springframework.security.web.ObservationFilterChainDecorator$VirtualFilterChain.doFilter(ObservationFilterChainDecorator.java:140) ~[spring-security-web-7.1.1.jar:7.1.1]
	at org.springframework.web.filter.CorsFilter.doFilterInternal(CorsFilter.java:91) ~[spring-web-7.0.9.jar:7.0.9]
	at org.springframework.web.filter.OncePerRequestFilter.doFilter(OncePerRequestFilter.java:116) ~[spring-web-7.0.9.jar:7.0.9]
	at org.springframework.security.web.ObservationFilterChainDecorator$ObservationFilter.wrapFilter(ObservationFilterChainDecorator.java:243) ~[spring-security-web-7.1.1.jar:7.1.1]
	at org.springframework.security.web.ObservationFilterChainDecorator$ObservationFilter.doFilter(ObservationFilterChainDecorator.java:230) ~[spring-security-web-7.1.1.jar:7.1.1]
	at org.springframework.security.web.ObservationFilterChainDecorator$VirtualFilterChain.doFilter(ObservationFilterChainDecorator.java:140) ~[spring-security-web-7.1.1.jar:7.1.1]
	at org.springframework.security.web.header.HeaderWriterFilter.doHeadersAfter(HeaderWriterFilter.java:90) ~[spring-security-web-7.1.1.jar:7.1.1]
	at org.springframework.security.web.header.HeaderWriterFilter.doFilterInternal(HeaderWriterFilter.java:75) ~[spring-security-web-7.1.1.jar:7.1.1]
	at org.springframework.web.filter.OncePerRequestFilter.doFilter(OncePerRequestFilter.java:116) ~[spring-web-7.0.9.jar:7.0.9]
	at org.springframework.security.web.ObservationFilterChainDecorator$ObservationFilter.wrapFilter(ObservationFilterChainDecorator.java:243) ~[spring-security-web-7.1.1.jar:7.1.1]
	at org.springframework.security.web.ObservationFilterChainDecorator$ObservationFilter.doFilter(ObservationFilterChainDecorator.java:230) ~[spring-security-web-7.1.1.jar:7.1.1]
	at org.springframework.security.web.ObservationFilterChainDecorator$VirtualFilterChain.doFilter(ObservationFilterChainDecorator.java:140) ~[spring-security-web-7.1.1.jar:7.1.1]
	at org.springframework.security.web.context.SecurityContextHolderFilter.doFilter(SecurityContextHolderFilter.java:82) ~[spring-security-web-7.1.1.jar:7.1.1]
	at org.springframework.security.web.context.SecurityContextHolderFilter.doFilter(SecurityContextHolderFilter.java:69) ~[spring-security-web-7.1.1.jar:7.1.1]
	at org.springframework.security.web.ObservationFilterChainDecorator$ObservationFilter.wrapFilter(ObservationFilterChainDecorator.java:243) ~[spring-security-web-7.1.1.jar:7.1.1]
	at org.springframework.security.web.ObservationFilterChainDecorator$ObservationFilter.doFilter(ObservationFilterChainDecorator.java:230) ~[spring-security-web-7.1.1.jar:7.1.1]
	at org.springframework.security.web.ObservationFilterChainDecorator$VirtualFilterChain.doFilter(ObservationFilterChainDecorator.java:140) ~[spring-security-web-7.1.1.jar:7.1.1]
	at org.springframework.security.web.context.request.async.WebAsyncManagerIntegrationFilter.doFilterInternal(WebAsyncManagerIntegrationFilter.java:62) ~[spring-security-web-7.1.1.jar:7.1.1]
	at org.springframework.web.filter.OncePerRequestFilter.doFilter(OncePerRequestFilter.java:116) ~[spring-web-7.0.9.jar:7.0.9]
	at org.springframework.security.web.ObservationFilterChainDecorator$ObservationFilter.wrapFilter(ObservationFilterChainDecorator.java:243) ~[spring-security-web-7.1.1.jar:7.1.1]
	at org.springframework.security.web.ObservationFilterChainDecorator$ObservationFilter.doFilter(ObservationFilterChainDecorator.java:230) ~[spring-security-web-7.1.1.jar:7.1.1]
	at org.springframework.security.web.ObservationFilterChainDecorator$VirtualFilterChain.doFilter(ObservationFilterChainDecorator.java:140) ~[spring-security-web-7.1.1.jar:7.1.1]
	at org.springframework.security.web.session.DisableEncodeUrlFilter.doFilterInternal(DisableEncodeUrlFilter.java:42) ~[spring-security-web-7.1.1.jar:7.1.1]
	at org.springframework.web.filter.OncePerRequestFilter.doFilter(OncePerRequestFilter.java:116) ~[spring-web-7.0.9.jar:7.0.9]
	at org.springframework.security.web.ObservationFilterChainDecorator$ObservationFilter.wrapFilter(ObservationFilterChainDecorator.java:243) ~[spring-security-web-7.1.1.jar:7.1.1]
	at org.springframework.security.web.ObservationFilterChainDecorator$AroundFilterObservation$SimpleAroundFilterObservation.lambda$wrap$0(ObservationFilterChainDecorator.java:336) ~[spring-security-web-7.1.1.jar:7.1.1]
	at org.springframework.security.web.ObservationFilterChainDecorator$ObservationFilter.doFilter(ObservationFilterChainDecorator.java:227) ~[spring-security-web-7.1.1.jar:7.1.1]
	at org.springframework.security.web.ObservationFilterChainDecorator$VirtualFilterChain.doFilter(ObservationFilterChainDecorator.java:140) ~[spring-security-web-7.1.1.jar:7.1.1]
	at org.springframework.security.web.FilterChainProxy.doFilterInternal(FilterChainProxy.java:237) ~[spring-security-web-7.1.1.jar:7.1.1]
	at org.springframework.security.web.FilterChainProxy.doFilter(FilterChainProxy.java:195) ~[spring-security-web-7.1.1.jar:7.1.1]
	at org.springframework.web.filter.CompositeFilter$VirtualFilterChain.doFilter(CompositeFilter.java:113) ~[spring-web-7.0.9.jar:7.0.9]
	at org.springframework.web.filter.ServletRequestPathFilter.doFilter(ServletRequestPathFilter.java:52) ~[spring-web-7.0.9.jar:7.0.9]
	at org.springframework.web.filter.CompositeFilter$VirtualFilterChain.doFilter(CompositeFilter.java:113) ~[spring-web-7.0.9.jar:7.0.9]
	at org.springframework.web.filter.CompositeFilter.doFilter(CompositeFilter.java:74) ~[spring-web-7.0.9.jar:7.0.9]
	at org.springframework.security.config.annotation.web.configuration.WebSecurityConfiguration$CompositeFilterChainProxy.doFilter(WebSecurityConfiguration.java:317) ~[spring-security-config-7.1.1.jar:7.1.1]
	at org.springframework.web.filter.DelegatingFilterProxy.invokeDelegate(DelegatingFilterProxy.java:355) ~[spring-web-7.0.9.jar:7.0.9]
	at org.springframework.web.filter.DelegatingFilterProxy.doFilter(DelegatingFilterProxy.java:272) ~[spring-web-7.0.9.jar:7.0.9]
	at org.apache.catalina.core.ApplicationFilterChain.doFilter(ApplicationFilterChain.java:111) ~[tomcat-embed-core-11.0.24.jar:11.0.24]
	at org.springframework.web.filter.RequestContextFilter.doFilterInternal(RequestContextFilter.java:100) ~[spring-web-7.0.9.jar:7.0.9]
	at org.springframework.web.filter.OncePerRequestFilter.doFilter(OncePerRequestFilter.java:116) ~[spring-web-7.0.9.jar:7.0.9]
	at org.apache.catalina.core.ApplicationFilterChain.doFilter(ApplicationFilterChain.java:111) ~[tomcat-embed-core-11.0.24.jar:11.0.24]
	at org.springframework.web.filter.FormContentFilter.doFilterInternal(FormContentFilter.java:93) ~[spring-web-7.0.9.jar:7.0.9]
	at org.springframework.web.filter.OncePerRequestFilter.doFilter(OncePerRequestFilter.java:116) ~[spring-web-7.0.9.jar:7.0.9]
	at org.apache.catalina.core.ApplicationFilterChain.doFilter(ApplicationFilterChain.java:111) ~[tomcat-embed-core-11.0.24.jar:11.0.24]
	at org.springframework.web.filter.ServerHttpObservationFilter.doFilterInternal(ServerHttpObservationFilter.java:110) ~[spring-web-7.0.9.jar:7.0.9]
	at org.springframework.web.filter.OncePerRequestFilter.doFilter(OncePerRequestFilter.java:116) ~[spring-web-7.0.9.jar:7.0.9]
	at org.apache.catalina.core.ApplicationFilterChain.doFilter(ApplicationFilterChain.java:111) ~[tomcat-embed-core-11.0.24.jar:11.0.24]
	at org.springframework.web.filter.CharacterEncodingFilter.doFilterInternal(CharacterEncodingFilter.java:199) ~[spring-web-7.0.9.jar:7.0.9]
	at org.springframework.web.filter.OncePerRequestFilter.doFilter(OncePerRequestFilter.java:116) ~[spring-web-7.0.9.jar:7.0.9]
	at org.apache.catalina.core.ApplicationFilterChain.doFilter(ApplicationFilterChain.java:111) ~[tomcat-embed-core-11.0.24.jar:11.0.24]
	at org.apache.catalina.core.StandardWrapperValve.invoke(StandardWrapperValve.java:165) ~[tomcat-embed-core-11.0.24.jar:11.0.24]
	at org.apache.catalina.core.StandardContextValve.invoke(StandardContextValve.java:77) ~[tomcat-embed-core-11.0.24.jar:11.0.24]
	at org.apache.catalina.authenticator.AuthenticatorBase.invoke(AuthenticatorBase.java:535) ~[tomcat-embed-core-11.0.24.jar:11.0.24]
	at org.apache.catalina.core.StandardHostValve.invoke(StandardHostValve.java:115) ~[tomcat-embed-core-11.0.24.jar:11.0.24]
	at org.apache.catalina.valves.ErrorReportValve.invoke(ErrorReportValve.java:86) ~[tomcat-embed-core-11.0.24.jar:11.0.24]
	at org.apache.catalina.core.StandardEngineValve.invoke(StandardEngineValve.java:71) ~[tomcat-embed-core-11.0.24.jar:11.0.24]
	at org.apache.catalina.connector.CoyoteAdapter.service(CoyoteAdapter.java:347) ~[tomcat-embed-core-11.0.24.jar:11.0.24]
	at org.apache.coyote.http11.Http11Processor.service(Http11Processor.java:406) ~[tomcat-embed-core-11.0.24.jar:11.0.24]
	at org.apache.coyote.AbstractProcessorLight.process(AbstractProcessorLight.java:71) ~[tomcat-embed-core-11.0.24.jar:11.0.24]
	at org.apache.coyote.AbstractProtocol$ConnectionHandler.process(AbstractProtocol.java:1307) ~[tomcat-embed-core-11.0.24.jar:11.0.24]
	at org.apache.tomcat.util.net.NioEndpoint$SocketProcessor.doRun(NioEndpoint.java:2036) ~[tomcat-embed-core-11.0.24.jar:11.0.24]
	at org.apache.tomcat.util.net.SocketProcessorBase.run(SocketProcessorBase.java:74) ~[tomcat-embed-core-11.0.24.jar:11.0.24]
	at org.apache.tomcat.util.threads.ThreadPoolExecutor.runWorker(ThreadPoolExecutor.java:949) ~[tomcat-embed-core-11.0.24.jar:11.0.24]
	at org.apache.tomcat.util.threads.ThreadPoolExecutor$Worker.run(ThreadPoolExecutor.java:483) ~[tomcat-embed-core-11.0.24.jar:11.0.24]
	at org.apache.tomcat.util.threads.TaskThread$WrappingRunnable.run(TaskThread.java:74) ~[tomcat-embed-core-11.0.24.jar:11.0.24]
	at java.base/java.lang.Thread.run(Thread.java:1474) ~[na:na]

2026-10-08T22:49:23.593-04:00 ERROR 1349730 --- [eblumbit] [http-nio-8090-exec-5] o.a.c.c.C.[.[.[/].[dispatcherServlet]    : Servlet.service() for servlet [dispatcherServlet] in context with path [] threw exception

org.hibernate.LazyInitializationException: Cannot lazily initialize collection of role 'com.blumbit.eblumbit.entities.Usuario.rolesUsuario' with key '1' (no session)
	at org.hibernate.collection.spi.AbstractPersistentCollection.throwLazyInitializationException(AbstractPersistentCollection.java:664) ~[hibernate-core-7.4.5.Final.jar:7.4.5.Final]
	at org.hibernate.collection.spi.AbstractPersistentCollection.withTemporarySessionIfNeeded(AbstractPersistentCollection.java:239) ~[hibernate-core-7.4.5.Final.jar:7.4.5.Final]
	at org.hibernate.collection.spi.AbstractPersistentCollection.initialize(AbstractPersistentCollection.java:624) ~[hibernate-core-7.4.5.Final.jar:7.4.5.Final]
	at org.hibernate.collection.spi.AbstractPersistentCollection.read(AbstractPersistentCollection.java:149) ~[hibernate-core-7.4.5.Final.jar:7.4.5.Final]
	at org.hibernate.collection.spi.PersistentBag.iterator(PersistentBag.java:419) ~[hibernate-core-7.4.5.Final.jar:7.4.5.Final]
	at java.base/java.util.Spliterators$IteratorSpliterator.estimateSize(Spliterators.java:1959) ~[na:na]
	at java.base/java.util.Spliterator.getExactSizeIfKnown(Spliterator.java:414) ~[na:na]
	at java.base/java.util.stream.AbstractPipeline.copyInto(AbstractPipeline.java:569) ~[na:na]
	at java.base/java.util.stream.AbstractPipeline.wrapAndCopyInto(AbstractPipeline.java:560) ~[na:na]
	at java.base/java.util.stream.ReduceOps$ReduceOp.evaluateSequential(ReduceOps.java:921) ~[na:na]
	at java.base/java.util.stream.AbstractPipeline.evaluate(AbstractPipeline.java:265) ~[na:na]
	at java.base/java.util.stream.ReferencePipeline.collect(ReferencePipeline.java:723) ~[na:na]
	at com.blumbit.eblumbit.config.AppConfig.lambda$userDetailsService$0(AppConfig.java:61) ~[classes/:na]
	at com.blumbit.eblumbit.auth.JwtAuthenticationFilter.doFilterInternal(JwtAuthenticationFilter.java:54) ~[classes/:na]
	at org.springframework.web.filter.OncePerRequestFilter.doFilter(OncePerRequestFilter.java:116) ~[spring-web-7.0.9.jar:7.0.9]
	at org.springframework.security.web.ObservationFilterChainDecorator$ObservationFilter.wrapFilter(ObservationFilterChainDecorator.java:243) ~[spring-security-web-7.1.1.jar:7.1.1]
	at org.springframework.security.web.ObservationFilterChainDecorator$ObservationFilter.doFilter(ObservationFilterChainDecorator.java:230) ~[spring-security-web-7.1.1.jar:7.1.1]
	at org.springframework.security.web.ObservationFilterChainDecorator$VirtualFilterChain.doFilter(ObservationFilterChainDecorator.java:140) ~[spring-security-web-7.1.1.jar:7.1.1]
	at org.springframework.security.web.authentication.logout.LogoutFilter.doFilter(LogoutFilter.java:110) ~[spring-security-web-7.1.1.jar:7.1.1]
	at org.springframework.security.web.authentication.logout.LogoutFilter.doFilter(LogoutFilter.java:96) ~[spring-security-web-7.1.1.jar:7.1.1]
	at org.springframework.security.web.ObservationFilterChainDecorator$ObservationFilter.wrapFilter(ObservationFilterChainDecorator.java:243) ~[spring-security-web-7.1.1.jar:7.1.1]
	at org.springframework.security.web.ObservationFilterChainDecorator$ObservationFilter.doFilter(ObservationFilterChainDecorator.java:230) ~[spring-security-web-7.1.1.jar:7.1.1]
	at org.springframework.security.web.ObservationFilterChainDecorator$VirtualFilterChain.doFilter(ObservationFilterChainDecorator.java:140) ~[spring-security-web-7.1.1.jar:7.1.1]
	at org.springframework.web.filter.CorsFilter.doFilterInternal(CorsFilter.java:91) ~[spring-web-7.0.9.jar:7.0.9]
	at org.springframework.web.filter.OncePerRequestFilter.doFilter(OncePerRequestFilter.java:116) ~[spring-web-7.0.9.jar:7.0.9]
	at org.springframework.security.web.ObservationFilterChainDecorator$ObservationFilter.wrapFilter(ObservationFilterChainDecorator.java:243) ~[spring-security-web-7.1.1.jar:7.1.1]
	at org.springframework.security.web.ObservationFilterChainDecorator$ObservationFilter.doFilter(ObservationFilterChainDecorator.java:230) ~[spring-security-web-7.1.1.jar:7.1.1]
	at org.springframework.security.web.ObservationFilterChainDecorator$VirtualFilterChain.doFilter(ObservationFilterChainDecorator.java:140) ~[spring-security-web-7.1.1.jar:7.1.1]
	at org.springframework.security.web.header.HeaderWriterFilter.doHeadersAfter(HeaderWriterFilter.java:90) ~[spring-security-web-7.1.1.jar:7.1.1]
	at org.springframework.security.web.header.HeaderWriterFilter.doFilterInternal(HeaderWriterFilter.java:75) ~[spring-security-web-7.1.1.jar:7.1.1]
	at org.springframework.web.filter.OncePerRequestFilter.doFilter(OncePerRequestFilter.java:116) ~[spring-web-7.0.9.jar:7.0.9]
	at org.springframework.security.web.ObservationFilterChainDecorator$ObservationFilter.wrapFilter(ObservationFilterChainDecorator.java:243) ~[spring-security-web-7.1.1.jar:7.1.1]
	at org.springframework.security.web.ObservationFilterChainDecorator$ObservationFilter.doFilter(ObservationFilterChainDecorator.java:230) ~[spring-security-web-7.1.1.jar:7.1.1]
	at org.springframework.security.web.ObservationFilterChainDecorator$VirtualFilterChain.doFilter(ObservationFilterChainDecorator.java:140) ~[spring-security-web-7.1.1.jar:7.1.1]
	at org.springframework.security.web.context.SecurityContextHolderFilter.doFilter(SecurityContextHolderFilter.java:82) ~[spring-security-web-7.1.1.jar:7.1.1]
	at org.springframework.security.web.context.SecurityContextHolderFilter.doFilter(SecurityContextHolderFilter.java:69) ~[spring-security-web-7.1.1.jar:7.1.1]
	at org.springframework.security.web.ObservationFilterChainDecorator$ObservationFilter.wrapFilter(ObservationFilterChainDecorator.java:243) ~[spring-security-web-7.1.1.jar:7.1.1]
	at org.springframework.security.web.ObservationFilterChainDecorator$ObservationFilter.doFilter(ObservationFilterChainDecorator.java:230) ~[spring-security-web-7.1.1.jar:7.1.1]
	at org.springframework.security.web.ObservationFilterChainDecorator$VirtualFilterChain.doFilter(ObservationFilterChainDecorator.java:140) ~[spring-security-web-7.1.1.jar:7.1.1]
	at org.springframework.security.web.context.request.async.WebAsyncManagerIntegrationFilter.doFilterInternal(WebAsyncManagerIntegrationFilter.java:62) ~[spring-security-web-7.1.1.jar:7.1.1]
	at org.springframework.web.filter.OncePerRequestFilter.doFilter(OncePerRequestFilter.java:116) ~[spring-web-7.0.9.jar:7.0.9]
	at org.springframework.security.web.ObservationFilterChainDecorator$ObservationFilter.wrapFilter(ObservationFilterChainDecorator.java:243) ~[spring-security-web-7.1.1.jar:7.1.1]
	at org.springframework.security.web.ObservationFilterChainDecorator$ObservationFilter.doFilter(ObservationFilterChainDecorator.java:230) ~[spring-security-web-7.1.1.jar:7.1.1]
	at org.springframework.security.web.ObservationFilterChainDecorator$VirtualFilterChain.doFilter(ObservationFilterChainDecorator.java:140) ~[spring-security-web-7.1.1.jar:7.1.1]
	at org.springframework.security.web.session.DisableEncodeUrlFilter.doFilterInternal(DisableEncodeUrlFilter.java:42) ~[spring-security-web-7.1.1.jar:7.1.1]
	at org.springframework.web.filter.OncePerRequestFilter.doFilter(OncePerRequestFilter.java:116) ~[spring-web-7.0.9.jar:7.0.9]
	at org.springframework.security.web.ObservationFilterChainDecorator$ObservationFilter.wrapFilter(ObservationFilterChainDecorator.java:243) ~[spring-security-web-7.1.1.jar:7.1.1]
	at org.springframework.security.web.ObservationFilterChainDecorator$AroundFilterObservation$SimpleAroundFilterObservation.lambda$wrap$0(ObservationFilterChainDecorator.java:336) ~[spring-security-web-7.1.1.jar:7.1.1]
	at org.springframework.security.web.ObservationFilterChainDecorator$ObservationFilter.doFilter(ObservationFilterChainDecorator.java:227) ~[spring-security-web-7.1.1.jar:7.1.1]
	at org.springframework.security.web.ObservationFilterChainDecorator$VirtualFilterChain.doFilter(ObservationFilterChainDecorator.java:140) ~[spring-security-web-7.1.1.jar:7.1.1]
	at org.springframework.security.web.FilterChainProxy.doFilterInternal(FilterChainProxy.java:237) ~[spring-security-web-7.1.1.jar:7.1.1]
	at org.springframework.security.web.FilterChainProxy.doFilter(FilterChainProxy.java:195) ~[spring-security-web-7.1.1.jar:7.1.1]
	at org.springframework.web.filter.CompositeFilter$VirtualFilterChain.doFilter(CompositeFilter.java:113) ~[spring-web-7.0.9.jar:7.0.9]
	at org.springframework.web.filter.ServletRequestPathFilter.doFilter(ServletRequestPathFilter.java:52) ~[spring-web-7.0.9.jar:7.0.9]
	at org.springframework.web.filter.CompositeFilter$VirtualFilterChain.doFilter(CompositeFilter.java:113) ~[spring-web-7.0.9.jar:7.0.9]
	at org.springframework.web.filter.CompositeFilter.doFilter(CompositeFilter.java:74) ~[spring-web-7.0.9.jar:7.0.9]
	at org.springframework.security.config.annotation.web.configuration.WebSecurityConfiguration$CompositeFilterChainProxy.doFilter(WebSecurityConfiguration.java:317) ~[spring-security-config-7.1.1.jar:7.1.1]
	at org.springframework.web.filter.DelegatingFilterProxy.invokeDelegate(DelegatingFilterProxy.java:355) ~[spring-web-7.0.9.jar:7.0.9]
	at org.springframework.web.filter.DelegatingFilterProxy.doFilter(DelegatingFilterProxy.java:272) ~[spring-web-7.0.9.jar:7.0.9]
	at org.apache.catalina.core.ApplicationFilterChain.doFilter(ApplicationFilterChain.java:111) ~[tomcat-embed-core-11.0.24.jar:11.0.24]
	at org.springframework.web.filter.RequestContextFilter.doFilterInternal(RequestContextFilter.java:100) ~[spring-web-7.0.9.jar:7.0.9]
	at org.springframework.web.filter.OncePerRequestFilter.doFilter(OncePerRequestFilter.java:116) ~[spring-web-7.0.9.jar:7.0.9]
	at org.apache.catalina.core.ApplicationFilterChain.doFilter(ApplicationFilterChain.java:111) ~[tomcat-embed-core-11.0.24.jar:11.0.24]
	at org.springframework.web.filter.FormContentFilter.doFilterInternal(FormContentFilter.java:93) ~[spring-web-7.0.9.jar:7.0.9]
	at org.springframework.web.filter.OncePerRequestFilter.doFilter(OncePerRequestFilter.java:116) ~[spring-web-7.0.9.jar:7.0.9]
	at org.apache.catalina.core.ApplicationFilterChain.doFilter(ApplicationFilterChain.java:111) ~[tomcat-embed-core-11.0.24.jar:11.0.24]
	at org.springframework.web.filter.ServerHttpObservationFilter.doFilterInternal(ServerHttpObservationFilter.java:110) ~[spring-web-7.0.9.jar:7.0.9]
	at org.springframework.web.filter.OncePerRequestFilter.doFilter(OncePerRequestFilter.java:116) ~[spring-web-7.0.9.jar:7.0.9]
	at org.apache.catalina.core.ApplicationFilterChain.doFilter(ApplicationFilterChain.java:111) ~[tomcat-embed-core-11.0.24.jar:11.0.24]
	at org.springframework.web.filter.CharacterEncodingFilter.doFilterInternal(CharacterEncodingFilter.java:199) ~[spring-web-7.0.9.jar:7.0.9]
	at org.springframework.web.filter.OncePerRequestFilter.doFilter(OncePerRequestFilter.java:116) ~[spring-web-7.0.9.jar:7.0.9]
	at org.apache.catalina.core.ApplicationFilterChain.doFilter(ApplicationFilterChain.java:111) ~[tomcat-embed-core-11.0.24.jar:11.0.24]
	at org.apache.catalina.core.StandardWrapperValve.invoke(StandardWrapperValve.java:165) ~[tomcat-embed-core-11.0.24.jar:11.0.24]
	at org.apache.catalina.core.StandardContextValve.invoke(StandardContextValve.java:77) ~[tomcat-embed-core-11.0.24.jar:11.0.24]
	at org.apache.catalina.authenticator.AuthenticatorBase.invoke(AuthenticatorBase.java:535) ~[tomcat-embed-core-11.0.24.jar:11.0.24]
	at org.apache.catalina.core.StandardHostValve.invoke(StandardHostValve.java:115) ~[tomcat-embed-core-11.0.24.jar:11.0.24]
	at org.apache.catalina.valves.ErrorReportValve.invoke(ErrorReportValve.java:86) ~[tomcat-embed-core-11.0.24.jar:11.0.24]
	at org.apache.catalina.core.StandardEngineValve.invoke(StandardEngineValve.java:71) ~[tomcat-embed-core-11.0.24.jar:11.0.24]
	at org.apache.catalina.connector.CoyoteAdapter.service(CoyoteAdapter.java:347) ~[tomcat-embed-core-11.0.24.jar:11.0.24]
	at org.apache.coyote.http11.Http11Processor.service(Http11Processor.java:406) ~[tomcat-embed-core-11.0.24.jar:11.0.24]
	at org.apache.coyote.AbstractProcessorLight.process(AbstractProcessorLight.java:71) ~[tomcat-embed-core-11.0.24.jar:11.0.24]
	at org.apache.coyote.AbstractProtocol$ConnectionHandler.process(AbstractProtocol.java:1307) ~[tomcat-embed-core-11.0.24.jar:11.0.24]
	at org.apache.tomcat.util.net.NioEndpoint$SocketProcessor.doRun(NioEndpoint.java:2036) ~[tomcat-embed-core-11.0.24.jar:11.0.24]
	at org.apache.tomcat.util.net.SocketProcessorBase.run(SocketProcessorBase.java:74) ~[tomcat-embed-core-11.0.24.jar:11.0.24]
	at org.apache.tomcat.util.threads.ThreadPoolExecutor.runWorker(ThreadPoolExecutor.java:949) ~[tomcat-embed-core-11.0.24.jar:11.0.24]
	at org.apache.tomcat.util.threads.ThreadPoolExecutor$Worker.run(ThreadPoolExecutor.java:483) ~[tomcat-embed-core-11.0.24.jar:11.0.24]
	at org.apache.tomcat.util.threads.TaskThread$WrappingRunnable.run(TaskThread.java:74) ~[tomcat-embed-core-11.0.24.jar:11.0.24]
	at java.base/java.lang.Thread.run(Thread.java:1474) ~[na:na]

2026-10-08T22:54:33.505-04:00  INFO 1349730 --- [eblumbit] [SpringApplicationShutdownHook] o.s.boot.tomcat.GracefulShutdown         : Commencing graceful shutdown. Waiting for active requests to complete
2026-10-08T22:54:33.509-04:00  INFO 1349730 --- [eblumbit] [tomcat-shutdown] o.s.boot.tomcat.GracefulShutdown         : Graceful shutdown complete
2026-10-08T22:54:33.526-04:00  INFO 1349730 --- [eblumbit] [SpringApplicationShutdownHook] j.LocalContainerEntityManagerFactoryBean : Closing JPA EntityManagerFactory for persistence unit 'default'
2026-10-08T22:54:33.625-04:00  INFO 1349730 --- [eblumbit] [SpringApplicationShutdownHook] com.zaxxer.hikari.HikariDataSource       : HikariPool-1 - Shutdown initiated...
2026-10-08T22:54:33.644-04:00  INFO 1349730 --- [eblumbit] [SpringApplicationShutdownHook] com.zaxxer.hikari.HikariDataSource       : HikariPool-1 - Shutdown completed.
